subject,label,epoch_id,Cz_beta_high_power,Cz_beta_high_rel,C2_beta_high_power,C2_beta_high_rel,C4_beta_high_rel,C1_C3_mu_diff_std,C1_C3_mu_ratio_std,C2_C3_mu_ratio_std,C1_C2_beta_low_diff_std,C1_C3_beta_low_diff_std,C2_C3_beta_low_diff_std,C1_C3_beta_low_ratio_std,C2_C3_beta_low_ratio_std,C2_C3_beta_low_ratio_max,C2_C3_beta_low_ratio_range,C1_C2_beta_high_diff_power,C2_C3_beta_high_diff_power,C2_C3_beta_high_diff_rel,C1_C3_beta_high_ratio_rel,C2_C3_beta_high_ratio_rel
1,1,0,-22.325461831213897,0.16909314349370907,-22.328012620514414,0.15220645859221643,0.10790865699501079,-6.954295024395201e-07,0.9568731103551619,0.9549394111658951,-5.94686524628314e-07,-6.649389035001174e-07,-7.02523788718034e-08,0.9472846961765556,0.9944234134162521,1.2339069736192452,1.0826553997597579,-0.14710720808912825,0.24403214444308574,0.04271799664021256,1.2601000703519758,1.3901598007644198
1,0,1,-21.740255055560493,0.3334596758979468,-22.151607932185016,0.23437478920994503,0.21152440249163418,1.0272089064849441e-07,1.0090538205628174,0.9559575615381142,-2.401259166436307e-07,3.9537779858933905e-07,6.355037152329698e-07,1.0391248559629893,1.0628926768099765,0.784954291189732,0.8279207047190346,0.11000361227737443,0.20527082335359026,0.08362464820073154,1.6687844069613325,1.5547235145879448
1,0,2,-21.916937684175533,0.2520720522921342,-22.01746998544677,0.23860047631701167,0.17515664398813985,4.0132117791976674e-07,1.0303275958479525,0.973589711715709,6.036451707554032e-08,-2.4798307909774943e-07,-3.0834759617328975e-07,0.9763218569234945,0.9705604012157651,0.8229119938269139,0.7947144914315382,0.029687831314127777,0.016066015971379244,0.007285526175043827,1.0405538778306649,1.0314961314321567
1,1,3,-22.164358093859224,0.16443551948535295,-22.44347994885756,0.08426100139600996,0.09061677953921723,-8.763424544529208e-07,0.9507150173016079,1.0093652782192772,-7.334506070769452e-07,-8.522612655454408e-07,-1.1881065846849556e-07,0.9490791446107577,0.9928961665799781,0.9780165812480713,0.9419651943628159,0.15150984032099402,-0.016262463873843558,-0.028804270052493253,1.1973227998556586,0.7452421087571821
1,0,4,-21.955061925284955,0.10309865929799408,-21.9256416265713,0.11801544011064667,0.0960456198746673,1.3909613941117222e-06,1.0656340553041275,1.0272106720295524,3.2645668788811857e-07,4.0625423671575156e-07,7.9797548827633e-08,1.0211762842422656,1.0041553129201184,1.1392551952198684,1.1189928122487787,-0.09589433682155502,0.12809307986125518,0.018387968967590373,0.9909444688665225,1.1845672547758455
1,1,5,-22.43713285684795,0.0927458331502147,-22.49270758011535,0.08339625373691659,0.11428346815480019,-5.911312833965277e-07,0.9564610391758493,0.9577716353773112,4.156948376234941e-07,-9.098212997570472e-07,-1.3255161373805412e-06,0.9222683112934242,0.8867568206582368,0.6701377176363197,0.7582278494301128,0.13448858734400204,-0.3057103567526269,-0.07556329655028421,0.7148345023157785,0.5246382084862233
1,1,6,-22.289986385368245,0.11874914906219866,-22.31824965205781,0.11701520267690207,0.10567529209453069,-1.2470968929724172e-06,0.9115367889638735,0.9241210263825496,3.4281556049762596e-08,-1.1773115789731451e-06,-1.2115931350229077e-06,0.9204798481342011,0.9181645366560768,0.7993357927412873,0.7987965712656083,-0.06381214885163189,0.13126475126293613,0.016499879969876383,1.0278371520400298,1.1641528814621993
1,0,7,-22.17112496279733,0.19614010320890762,-22.143563435344447,0.19912410500972053,0.2366699660981346,7.563845845300114e-07,1.053004803053548,1.0602234530923145,-9.24252897909313e-08,-1.4860707469855292e-07,-5.6181784907621615e-08,0.9874019309466654,0.9952319564207119,0.8450640615732395,0.8426045028233956,-0.0913477179110167,0.15200107985242184,0.05083710225256069,1.0911718404279636,1.3428291163287618
1,0,8,-22.41663492807848,0.10555232182658232,-22.4389326732058,0.1110636697836368,0.10302355383275184,-1.476103148252161e-06,0.9161160924478451,0.771928770792036,8.469781775061069e-07,3.6550606954111686e-07,-4.8147210796499e-07,1.0283062730850212,0.9626948955300468,0.9784675005668501,1.0142419927216288,-0.023814006180767677,-0.009494054002171737,0.022886779380589486,1.022125472727977,1.259555300147475
1,1,9,-22.256290350571202,0.12270051199586911,-22.521319735652998,0.08376876346201671,0.08362896783078207,9.796676253945927e-08,1.006730562138067,1.0257746253277014,2.7369316320658064e-07,-1.1805440920967187e-06,-1.4542372553032993e-06,0.9260762861892571,0.9089395256665248,0.9002327656183762,0.9207249850785784,0.07487495400170019,0.054887894197484854,0.0015699191357354397,1.229988459793426,1.0190990402200046
1,1,10,-22.285517882988557,0.13075198041941258,-22.437359126191726,0.11404105420683876,0.10199681738090843,-6.643587855001457e-07,0.965157475950985,0.9617501664568348,-2.11510933931938e-08,-7.699553612851371e-07,-7.488042678919433e-07,0.958228422068896,0.9593757610660915,1.1742893778946009,1.1434480428284965,0.17229302613413822,-0.3570636728129166,-0.03960412483468127,0.8236374872069561,0.7422364622439434
1,0,11,-22.002127196962938,0.158112515397057,-22.021054686739333,0.17000252486660425,0.147509720446601,3.615456158831579e-07,1.0257574046262385,1.026588462369571,1.14100409456787e-06,-4.6152341587382933e-07,-1.6025275104416993e-06,0.9667295249938229,0.8844942074062038,0.9521637958939663,0.9451421204680989,-0.008457940167215128,0.04323576770678983,0.0276219218823697,1.0662131049238603,1.1940005954745685
1,0,12,-22.173500187061624,0.17064844534531087,-22.244480411838076,0.17768012304617023,0.23223550889353098,-7.370915460643387e-08,0.9939972602784978,1.0025942155132046,1.5215956249748665e-08,-2.568832665277033e-07,-2.72099222777452e-07,0.9794890212726769,0.9782745680548802,1.0293164589871426,1.042151280955397,0.00509288525222118,0.012031588091819145,0.004233661907820124,0.923213756074062,1.0244090411392264
1,1,13,-22.492935949823806,0.10628862314141549,-22.51991288214552,0.1078963660955733,0.14390929906125172,-1.5275532304768503e-06,0.9049180727727165,0.8643566643733838,2.397831698311728e-06,-1.3279562898315246e-06,-3.7257879881432528e-06,0.916735109114923,0.7663987143028982,0.6349954842954755,0.6424194186248892,0.05365714595303572,-0.13728434358651143,-0.002392796926317081,0.9458219368368803,0.9783043323696945
1,1,14,-22.262745835863864,0.14278478995943314,-22.437090256460362,0.10660019430349242,0.06552316091232953,-2.4395950914161384e-06,0.8867843908921673,0.7942460098041529,2.083339525018164e-06,-2.070594445561113e-06,-4.153933970579277e-06,0.8989713005566761,0.797325650633458,0.8500648741005008,0.7460561151328985,0.24890319935941108,-0.3962908246261172,-0.06099481253500329,0.931960515291043,0.6360582946400828
1,0,15,-22.318070397149526,0.11452544669910683,-22.271568619961272,0.18515937196581783,0.21324481971742582,-2.0552090149156317e-07,0.9867613350820066,0.8709750515129646,-3.5601943544870125e-08,4.130340933037037e-07,4.486360368485738e-07,1.0433564927444798,1.047094559985775,1.082260176325899,1.0790385819922501,-0.17142116905845484,0.32169146512530844,0.1368253623196169,1.6194879007354046,3.830829946409968
1,1,16,-22.058682544991115,0.22760658458009564,-22.174657274094216,0.2124952949458282,0.15833629485216189,-4.403391044669229e-07,0.9718386744459747,0.9965262373581525,8.124108110067453e-07,-1.3432961683166277e-06,-2.155706979323373e-06,0.9186007325998738,0.8693750116967417,0.9129714511074195,0.8569947797270417,0.009099367594544105,0.029071478251271543,0.04294640834720595,1.1576690499694653,1.2532980846022561
1,1,17,-22.20400426657003,0.15658989106069718,-22.474960358940614,0.09718141665941059,0.09456351906497779,-2.9854630371021667e-06,0.8475131042816574,0.8082657890846143,4.587674647364641e-08,-1.8598963196023053e-06,-1.9057730660759517e-06,0.885240632816572,0.882410096896546,0.8666582926931494,0.861847396221586,0.04835393298053603,-0.04572121220488512,0.0098974209452216,1.1700172218018792,1.1133933059880912
1,0,18,-22.513798727597145,0.07881478885560685,-22.402562793615736,0.08883387801980898,0.1295737996726572,2.954516439972322e-07,1.023421452552871,1.1814953809941604,-6.133783338620254e-07,7.073401634509028e-08,6.841123502071157e-07,1.0057977837138514,1.0561451248181737,0.857544032003038,0.8611655035732413,-0.03829683581410137,-0.06885264938245328,-0.016482389238520342,0.9347302136946612,0.8434962636641834
1,1,19,-22.41756266906592,0.09001642137852095,-22.56556514606242,0.06762534869964391,0.05139140543531707,-1.9460090242939816e-06,0.8986644574500551,0.8267819692333559,1.6079750263414105e-06,-2.3101482902291137e-06,-3.918123316570524e-06,0.8592832736559741,0.7613418607322264,0.7237976502053228,0.7250080861399528,0.15094410531074587,-0.23237378558273747,-0.03797877944809194,0.8276681291180855,0.6403665256437908
1,0,20,-22.345289456382226,0.20666427294981876,-22.294574258717294,0.2448221018854031,0.20058948611283586,-1.8749723852625632e-07,0.9847778880060063,0.9817866812230773,-5.271078710455719e-07,3.428119898822531e-07,8.69919860927825e-07,1.0287378565308187,1.0729380911931,1.1720437706573623,1.144203793433061,-0.18267774600783682,0.286016590822328,0.11269304392034774,1.2815510719796377,1.8529012881092508
1,0,21,-21.449438514587303,0.22317593341408182,-21.88352196872632,0.14843544308751327,0.17299426438690724,4.6719735760221586e-07,1.028829174499056,0.9820182274119809,1.1059491199493586e-06,-7.530503864428185e-08,-1.1812541585936405e-06,0.9946682599830076,0.9164688016230886,0.9747063420843328,0.9325822774818447,0.04847232631243514,0.34721485565285093,0.06502562557192276,1.749830554156562,1.779591987259885
1,1,22,-22.447742772659012,0.10944041684673074,-22.581818941738568,0.08042549116167477,0.10056196759507476,-1.7622767546466633e-06,0.8935016619409041,0.8122672344060878,7.895549588998695e-07,-1.1129133715391063e-06,-1.9024683304389758e-06,0.9251404641662856,0.8720362344689203,0.7534725336799923,0.7117152920072096,0.044169360279809666,-0.049506526679437,-0.004874543605020862,1.0136996766013175,0.9428541417053504
1,1,23,-21.36044430442159,0.3685650830074892,-22.012494745732575,0.254457519191003,0.15918523009633956,9.56103920871956e-07,1.0869845147043764,1.0953001677964531,2.5527031835217447e-06,3.3585885802777514e-07,-2.2168443254939696e-06,1.025847514439421,0.8293343597807407,0.7461432284098192,0.7795899444167087,0.4986000202449006,-0.34055664064108626,-0.07963468713926203,1.0582637459337012,0.761638596451713
1,0,24,-21.979236987404782,0.17386453611038044,-22.161108814553238,0.15262673237057559,0.1070152143669912,4.254973266806395e-07,1.0316430784654038,1.0570117543093396,5.234186034085009e-07,1.2409219156281057e-07,-3.993264118456903e-07,1.0089534396377922,0.9711575364293109,1.007233780689339,1.0051694456990947,-0.03666910444093219,0.3127498311534076,0.06303883473640085,1.5396672323786629,1.7036534647062456
1,0,25,-22.403229553618115,0.18672982977428831,-22.437091030727682,0.19396469815584466,0.16565871428804077,1.6085718686471943e-06,1.120626803029526,1.258731844300777,-1.050021802546488e-06,6.101581397523808e-07,1.6601799422988689e-06,1.0492445254222416,1.1340033737680673,1.279265427649832,1.307479741956064,0.10278310477825414,-0.12030291071486587,-0.02357625417425352,1.0146987617492509,0.8916238344509905
1,1,26,-22.37578209180849,0.08569558149790614,-22.470967738985816,0.08199923039588071,0.06497301615311246,-1.1147181427068698e-06,0.9252871890096909,0.9114431815538505,-5.220576402418357e-07,-1.7705098271399523e-07,3.450066575278404e-07,0.9879990532775186,1.0233654160863637,1.070869064356823,0.996159289948024,0.03720792685483687,0.027108264759551304,0.014441948986083392,1.1115373748578692,1.2137733870180818
1,1,27,-22.184611379882156,0.17659153092785623,-22.341199344324814,0.14500201812987154,0.1326039965655822,-7.562220252489593e-07,0.9550292057986869,0.9285483574949849,1.3739663892068868e-06,-1.2123604223648199e-06,-2.5863268115717067e-06,0.9314088471464039,0.8536809998044012,0.9616844291067455,0.9207780390925279,0.06526834210998445,-0.014438863734898888,0.03352361821262839,1.2562910852600842,1.300718507867381
1,0,28,-21.513208015268127,0.28969528233951103,-21.638928906788127,0.2942183762860282,0.30527258900902865,1.3645535222291972e-07,1.0092863697454089,0.9357667964744225,2.7287574100402293e-07,5.198405059797939e-07,2.4696476497577095e-07,1.0319876349038357,1.0151933895507717,0.8260738737251377,0.7880853120466461,0.2076031201609716,-0.2638844938386171,-0.0293600719220517,0.9659672634731743,0.909264439039222
1,1,29,-22.314151384863557,0.156124992517703,-22.539540330745083,0.09830886884643031,0.06780305679973717,-1.290853568128904e-06,0.9055677057820474,0.7945954236067364,4.489002146806513e-07,2.5774077922608654e-07,-1.9115943545456477e-07,1.0226546639960286,0.9831823275053402,0.9081687142592745,0.9443216858196167,0.13787015358115084,-0.13403507844208207,-0.024487510291903367,1.1226587422670984,0.8005844264807196
1,1,30,-21.997505789823965,0.21659369116800709,-22.118905012719935,0.21238638238248242,0.20078057166644891,-3.2105272419588845e-07,0.9772331821403827,0.9529138575765022,3.8798390745250247e-07,-1.9848815449302e-06,-2.3728654523827024e-06,0.8577691038662933,0.8299686948482,0.7909489285662831,0.825389439725054,0.06811974022376788,-0.08636333106166916,0.01010224202621185,1.0286824759500879,1.0499408500509497
1,0,31,-22.443371181410928,0.12420540954295108,-22.338042622672305,0.1850728099451127,0.2219393632150437,7.84911127886371e-07,1.0768436182278358,1.0546803537923581,4.783167766279877e-07,-2.877507941674127e-07,-7.660675707954004e-07,0.9718757046729961,0.9251420407112345,0.8202665069381653,0.9048376619593995,-0.13435262055760688,0.10316124881812527,0.0375563860704905,0.8879329830690318,1.254591217429128
1,1,32,-22.184006776177757,0.20672972603057302,-22.41716450443763,0.16544947769501223,0.15132804021904128,-2.122543365241213e-06,0.8794175847538267,0.8103894600668816,1.3677285652154943e-07,-1.3183038201553963e-06,-1.4550766766769457e-06,0.919760349060046,0.911436187602401,0.917946741337886,0.9400900914618938,0.13012230049039886,-0.06523290042769503,0.013380911909811527,1.1524181364386812,1.087992621827663
1,0,33,-22.14159934514855,0.13810491304076666,-22.0081812547185,0.1585644190400237,0.2188093252832134,6.473197527799287e-07,1.049656130029925,1.1755942462224296,-8.830173197204986e-07,7.876765621676511e-07,1.6706938818881497e-06,1.063396131864671,1.1344747864728213,1.1649764810246053,1.1315085249935564,-0.20185308065436658,0.3196621894063405,0.051871415916743865,1.146140367646848,1.4861744842648297
1,0,34,-22.13822429319087,0.2575449366422433,-22.111497481637127,0.2664296524224785,0.18429363919139902,3.3011420018911225e-07,1.0308874404498292,1.0234626109156322,-8.173997927859645e-07,1.9278473989328676e-08,8.366782667752932e-07,1.0019650633868358,1.0857174206444882,1.0803258611763766,1.1066395610337043,-0.07359485860908777,0.15413210338767058,0.018845512652399227,1.0155439600981846,1.0761176081888302
1,1,35,-22.496859691465026,0.06392798516856184,-22.400056537926893,0.1083445048456191,0.08743142561585487,-7.82769167380948e-07,0.9549061155692222,0.8454743692307856,7.064610637328485e-07,-1.2006410919675802e-06,-1.9071021557004287e-06,0.9249231782530916,0.880751414908097,1.0084655213377955,1.0063878925621144,-0.06636003047314887,-0.00023251914298327847,0.043825487492959045,0.9389688709652348,1.6792646435621157
1,0,36,-22.39396519040575,0.13019373038963356,-22.24334719682177,0.18428887518986709,0.15625217967087768,-9.113238157592259e-07,0.9354588082877847,0.8795546092908902,-4.0368888666975887e-07,-1.7315501903873977e-07,2.305338676310191e-07,0.9813498822169032,1.024805161757375,0.8933025840500297,0.9821736825654035,-0.2822897449476258,0.3453484854493176,0.08744704666206628,1.1287623808499267,1.9029883863320862
1,1,37,-21.895090246677455,0.2743858526037897,-21.853430574995922,0.1780199242545856,0.1267716907391599,-1.681260132431405e-06,0.8677261729827895,1.1246905794969297,-2.235188521013072e-06,-1.3338562639310843e-06,9.013322570819875e-07,0.901665166433467,1.0664358543088837,1.1845567106169903,1.192547528405449,-0.09536881892646676,0.0968619128577366,-0.04341797978417983,1.1728044035103353,0.8039270645509194
1,0,38,-22.334824606245714,0.12855457335159895,-22.204456151121548,0.15792653866332648,0.19619268231406925,-6.208710077489624e-09,0.9996343065898047,1.0103435814344124,-5.074868338397703e-07,1.244987481837535e-06,1.7524743156773052e-06,1.0995964303809123,1.140197591412065,1.2488925944146227,1.2984766664284693,-0.2760462435037887,0.3000352710194534,0.060096322175184985,1.0208011146091536,1.6142920272597003
1,1,39,-22.143347319214705,0.16468388432867076,-22.20807987657405,0.1655113323998922,0.15341376669168974,-1.9845036821515255e-06,0.8877008247220206,0.7862895524127654,1.3930449172865278e-06,-1.9269092560886257e-06,-3.3199541733751535e-06,0.8856177965372074,0.8029303124691244,0.8164854417846306,0.8125540738823575,0.05744506680831307,-0.1286082630776768,-0.005828752374700735,0.9578874657138331,0.9659813844555586
1,1,40,-22.502395503076936,0.09506734135994084,-22.36733345609571,0.1295757763723691,0.13276243643149452,6.654667426114465e-07,1.0510597168766989,1.2130289590629728,-8.961809287347099e-07,-8.203257678658172e-08,8.141483519481282e-07,0.993042765539137,1.0689558938555974,0.8399374191097629,0.8669749360682888,-0.11125235252987409,0.123028727654372,-0.0008989365572431296,0.8997346455785417,0.9931102614723581
1,0,41,-22.448740113501,0.10880581668612396,-22.471255294159505,0.10919006230888491,0.148493968813091,-1.8808186797342873e-06,0.9042893233965393,0.7815908249617005,-1.0382337349990417e-06,3.119876117407462e-07,1.350221346739788e-06,1.0286436479908123,1.1239946671336276,1.238481398744614,1.3115142417034524,-0.011841489772475455,-0.04744795868176155,-0.009941286688442144,0.8561926929343575,0.916551882743136
1,1,42,-22.393367930503096,0.17597827319683051,-22.43765437544065,0.17494408014371896,0.1737368252593152,-2.215275258981466e-06,0.8643754068808988,0.8538027005831276,4.2701305730548215e-07,-1.4543835695644568e-06,-1.881396626869939e-06,0.8987093231565408,0.8689720043579386,0.8567315893664039,0.9812998435484255,0.03664264756696056,-0.06861094743331364,0.02479638069037088,1.034691597181234,1.165146590085189
1,0,43,-21.9867660351616,0.32255968622921677,-22.07683598532831,0.26528923814709554,0.21192434182094222,1.3418718806228185e-06,1.1086641544074864,1.3163200206213723,-1.5304504861466334e-06,-5.418160888121373e-07,9.886343973344962e-07,0.9477981128078509,1.0952238956557414,0.7112906353138109,0.7767962670572195,0.013866535241273681,0.08303265689325556,0.035056275530576,1.2705136397117354,1.1522643630909617
1,1,44,-22.02674530055623,0.21378104992559366,-22.32797255675963,0.14143397644389494,0.14934597627593657,-6.246596347198857e-07,0.961117339198488,0.9457345932846462,-6.394085520997524e-07,-3.616708231180239e-07,2.777377289817285e-07,0.9734507717716754,1.0203749638182538,0.9269200539650971,0.9406400256331521,0.1984105660523241,-0.12364458806676737,-0.0013188686809621764,1.3159527199997987,0.9907611734191023
2,0,45,-21.90720890620488,0.45205773416466094,-22.40455890432115,0.30099562099401495,0.2541814927118947,1.0688979480683596e-06,1.245331992069071,1.3735429652189044,-5.946049749261414e-07,5.934535684361885e-07,1.18805854336233e-06,1.0910316639620579,1.1822553173569486,1.1076186203071172,1.1614505189704711,0.024894500798431807,0.19850048953454902,0.07214756910964984,1.4010514128294838,1.3152640731876493
2,1,46,-22.448203065622828,0.23498943523842022,-22.515897280629634,0.24551428255929297,0.2772859034554616,1.3362367216488219e-06,1.2001578124296886,1.0936691775080332,-5.653798601407785e-07,6.917356221190635e-07,1.257115482259842e-06,1.1222336114662586,1.2221538873241706,1.6475088082448506,1.6180310363661314,0.025495966480956866,0.018499353039025834,0.014257500141427015,1.0537519860751456,1.0616522459847229
2,1,47,-22.352422989979516,0.2200743808149678,-22.549079265485947,0.17851436887103425,0.19261672063874594,4.2894085695891267e-07,1.0461620730598515,0.9013623450950827,1.3221437468332616e-06,4.365355927376974e-07,-8.856081540955641e-07,1.054577158193534,0.889240394588007,0.93374767114828,0.9630120378913974,0.022125612427497998,-0.03855945549453921,0.015477329686413327,0.8534803071158024,1.094931370529821
2,0,48,-21.81406791649798,0.4393932170576071,-21.798572969057965,0.5210429448597295,0.5120675112694817,3.102302899731283e-07,1.0551966462793103,1.0776064897630093,-5.088713520847251e-07,9.301717672970246e-07,1.4390431193817496e-06,1.125471714407375,1.1941212135147687,1.5779425278419534,1.635070984229504,-0.3683144971350849,0.6668428059017835,0.2687943432759355,1.3376991178602624,2.065592995884601
2,1,49,-22.38765151091934,0.24162657533244333,-22.601182191674113,0.16825829133082276,0.1375345807217095,5.5127542323784983e-08,1.007704292882748,0.906044309338113,1.7373812146789955e-07,3.794950890107283e-07,2.0575696754282876e-07,1.0700926834208833,1.0379948215905102,1.0542833348079201,1.0289853199953345,-0.10203528093023095,0.15600142091950886,0.0598904494587329,1.1907419345846522,1.552658872492429
2,0,50,-21.580334307467115,0.5557358991106713,-22.012287715974622,0.4317233744642546,0.35457116503335556,1.3305709107668572e-06,1.256632987744097,1.2245368728322237,8.968282257839043e-08,1.7020923864722686e-06,1.6124095638938782e-06,1.2249034122007612,1.213052611354653,1.4609935882321603,1.3780307086070949,-0.10184664848618041,0.5180973135591707,0.19979144727018636,1.5949334710269112,1.8614227868544777
2,1,51,-22.169640672807407,0.31319242064630926,-22.512456042426322,0.16909409671787018,0.13198442448958128,1.2026839460583677e-07,1.0183550420123424,1.059478788455035,-1.9996733173025756e-07,5.046877148915908e-08,2.5043610321941664e-07,1.007712716619187,1.0383327082753746,1.3777748113134436,1.4927346466680598,0.11605373674331076,0.06079746132538588,-0.055967226357115124,1.1453467466812868,0.7513245471608616
2,0,52,-22.26661913283163,0.3054078022854416,-22.480084991017176,0.21401130177531738,0.17354358648361734,1.1118444724485764e-07,1.013114446846879,1.0179557199602096,6.392860717393843e-07,1.7646663723226313e-07,-4.628194345071212e-07,1.0280200138475224,0.9264542933474725,0.7874428895142022,0.8314742897728986,-0.12256516872534462,0.12846735763489647,0.03835768196906039,1.0267171195799114,1.2183711436720241
2,1,53,-22.421787259891968,0.20963726433004193,-22.64796544931905,0.13434065697631112,0.1561552622962092,6.078626246844853e-07,1.0699942999081782,0.9246262470597213,1.3876948648705672e-06,5.726779309023237e-07,-8.150169339682435e-07,1.0705120907445227,0.8996196044007664,0.8444925867728408,0.800491035422692,0.01870309296806738,0.03229208619137225,0.003917437488204084,1.1047283274743591,1.0300363493599978
2,0,54,-22.292231639406843,0.29735100006362875,-22.45659842879104,0.2721405705790285,0.28488658355068897,1.5431870308479948e-06,1.1988085377390068,1.2183633378231675,-8.121505371418205e-07,1.392287261229637e-06,2.2044377983714575e-06,1.2030548247908954,1.3215094965262966,1.8338953215142226,1.9355246101807895,-0.10728438455025824,0.25010357855035537,0.14164961379657615,1.3402809909489155,2.085512874460531
2,0,55,-21.73124303720551,0.5187284750673061,-22.024971196044635,0.4194855388946436,0.2957274014627993,7.119955043872651e-07,1.1050404411189187,1.1734344696781396,1.827415422848383e-06,-3.456515042052661e-06,-5.283930464901044e-06,0.744706924907849,0.6097406364741947,0.6712752636330284,0.6952510374043175,0.2238253469133653,-0.522381657817732,-0.19492226036234317,0.8702066772028897,0.6827477439799094
2,1,56,-22.18761296066735,0.19502688372338958,-22.30349392704443,0.21293516329078074,0.20915834944296494,-1.1207309268820703e-06,0.9102993259809071,0.6677400089279645,2.099314473845903e-06,-1.229894468576016e-06,-3.329208942421919e-06,0.9022640411117852,0.735451491664489,0.7627160574661498,0.745614775351879,0.231049701212509,-0.5848794064699554,-0.14816474709011504,0.6713809336750423,0.5896848963689959
2,1,57,-21.967832629966185,0.2980553370862,-22.164541113654998,0.2737775992374547,0.2411870973871962,-2.7205373576876446e-07,0.9659829131381549,0.8712543360119213,4.059814456218835e-07,-1.5605449879987708e-06,-1.9665264336206543e-06,0.8301944733435128,0.7860217795427364,0.7777443876059894,0.7479842894618985,0.16540706050312792,-0.48877697423570865,-0.21485728985038277,0.7034472321469082,0.560290730963771
2,0,58,-21.408682287811644,0.5431556421890619,-21.786866100035525,0.42695478550337745,0.413939316362673,8.3288790355018e-07,1.1043813083028768,0.9766870004219342,7.081895663808242e-07,-2.993531232615072e-06,-3.7017207989958964e-06,0.7673767478643719,0.7123461354545333,0.8616132448037048,0.7061786630225854,0.3950202076704663,-0.9541811050664357,-0.2970727078052144,0.7883872949499525,0.589694161327149
2,0,59,-21.985302794230677,0.45429952029708426,-22.322414023461242,0.31652942553217084,0.342038019552497,-2.665671491920328e-07,0.9729972009639613,0.7810154489146294,2.7652940701938294e-06,-3.5452932066427547e-06,-6.310587276836584e-06,0.7554613056027697,0.564728892542742,0.5353465278687258,0.4961996871830909,0.15881935619098542,-0.582125333088932,-0.1180354969416253,0.8144659663974759,0.7283823638076058
2,1,60,-22.590006322148376,0.15947004356667382,-22.69936105389563,0.12402269844744468,0.12823715136079328,4.586872432260468e-07,1.0571382691216376,0.9117684099562045,1.328833225295925e-06,-7.757384767026683e-07,-2.1045717019985933e-06,0.8907860397021732,0.7037275945903814,0.6246887192041556,0.6450612667919098,0.021052335740488815,0.09330377500898024,0.012133135234946843,1.1451342410778043,1.1084384885930787
2,0,61,-21.753401238051016,0.4601846823622926,-22.250824668164288,0.3181926650668456,0.17052350805929384,6.346062483294387e-07,1.1180310938373124,1.1309608131323816,-9.172113309049256e-08,1.1967899855223878e-06,1.2885111186128803e-06,1.2112736354029585,1.2274668495735006,1.4708860361275609,1.3810464873940569,-0.1154484514029015,0.434408302879028,0.15364993655197032,1.7796290422431826,1.9337996139081879
2,1,62,-22.096985623833845,0.43203502582145614,-22.370149019580893,0.3210639591123465,0.17792055737535184,1.543038795472694e-07,1.0221654255129713,0.920608190851249,2.9767329212544624e-07,6.30014630784166e-07,3.3234133865871974e-07,1.0946879161011869,1.0499420690722805,1.1803200464115196,1.2127959491138505,0.04581335742497572,0.18557674002483182,0.06760845946491961,1.3109694893955808,1.2667468625943912
2,0,63,-22.197434840996895,0.3530613275542547,-22.286785283411778,0.3393639449164018,0.2581772217477337,-2.8944681359253557e-07,0.9640710991179803,0.7072469607800954,4.381967828416677e-08,1.5658816698438354e-07,1.1276848870021677e-07,1.0275597311469515,1.019842479576243,0.9516115981733556,0.9413945450762177,-0.0985509809687315,0.2306061753202968,0.11377882061854977,1.2296751133027823,1.5043720006904548
2,0,64,-21.906517547278902,0.4292477084613646,-22.299518802597035,0.30934828926102365,0.25426520659847,9.829142509727421e-07,1.1694169968730423,1.1617268360648907,3.4808833605298545e-07,2.914715572710206e-07,-5.661677878196483e-08,1.0442103657844686,0.991394254265748,0.997695291816992,1.0399551690314213,-0.22060726741510095,0.4603079412093649,0.19392925037191722,1.7926521165508311,2.6802188960369078
2,1,65,-21.95371180563574,0.3634714620637901,-22.10147771592553,0.35536360710927956,0.3035423963441049,2.537291066233876e-07,1.0419843209909363,1.0621792693455216,-1.8923330176581203e-07,7.683067404779572e-07,9.575400422437692e-07,1.1225278425405287,1.1527102751858864,1.0426526934975877,1.053168306171914,0.036196238945468195,0.1731092554079794,0.08253281876274676,1.2442372795679413,1.3025055168175086
2,0,66,-22.078068471112918,0.38276958547034184,-22.414380861066682,0.24647054511955116,0.19152905633933645,1.0860695297462186e-06,1.1854173139386712,1.1687814409419577,4.1945033600452423e-07,8.20018607549123e-07,4.005682715445988e-07,1.1403945567162146,1.0685721301416422,1.0419820881239303,1.071324965979904,0.04575722450210051,0.18251177580000544,0.041465621264799746,1.3648385877359634,1.2022664644579562
2,1,67,-22.372165074154612,0.2897048976489699,-22.469625873001007,0.26597389692130163,0.2220950849307546,1.789169499697492e-06,1.2337245488268662,1.2053746103805374,4.10333001713299e-07,3.563568671824094e-08,-3.746973149950581e-07,1.0054054065606777,0.9429888078015181,0.7305569818730228,0.7308030254766694,0.21836227273357878,-0.11466114624113999,-0.08317129070289941,1.0302570962083217,0.7617859454256646
2,1,68,-22.184816173958993,0.3300751713372723,-22.05093850074543,0.40714021589156296,0.4102197483895218,-2.0311777591192966e-07,0.9647120823642209,0.9473129639369833,-3.022661416597213e-07,6.594034339058891e-07,9.616695755656104e-07,1.1163462889839728,1.1696867420425447,1.625622894224821,1.7192282546712903,-0.35436136894556114,0.5948442566075798,0.19046216995041837,1.3972211726922636,1.8790100027681247
2,0,69,-21.91956867584411,0.41406661363753816,-22.172175223440544,0.34067874889663274,0.304888303696024,3.5976770949083865e-07,1.043079089536869,0.8678508103701047,1.3778775805540827e-07,5.19776455220782e-07,3.8198869716537374e-07,1.0909867674210185,1.0668624058693206,0.9421638053691228,1.236911989249531,-0.3303571651712929,0.5692734598486595,0.23768208103239977,1.858041543363918,3.3076676714914526
2,1,70,-22.75308013223976,0.12619008289591258,-22.81164734963785,0.12226827183513193,0.1430045016276709,5.511832954538817e-07,1.0687098432049134,0.8332361236992321,7.831284404654514e-07,1.2155654441249546e-07,-6.615718960529559e-07,1.0161062882415852,0.9122560391394707,0.8129532777328695,0.9522999964691736,0.1656961902540992,-0.21496105791809583,-0.05054550978140378,0.854893328453011,0.7075145895232305
2,0,71,-22.270793277622793,0.3214138552572823,-22.5976439774522,0.21089062729142852,0.15261985075881593,7.004908151395696e-07,1.121359406755253,1.0689892486099912,8.527023030800708e-08,9.107181552608272e-07,8.254479249528201e-07,1.1510596016469747,1.1369143894652738,1.3815682543614196,1.33303151655472,0.029660953063480378,0.06751555096891693,-0.004237607461088561,1.1569846014765217,0.9803019461206768
2,1,72,-22.646008636172997,0.14461992489552508,-22.660733439073887,0.14670296664581625,0.17851723979015582,-2.48455577723552e-07,0.9635884793478545,0.9277597139304665,7.651155297336173e-07,4.984575235477734e-07,-2.6665800618584395e-07,1.068497732859506,0.9633349196460946,0.8484405870119298,0.9193147481246052,-0.11323106568454833,0.06866290906595296,0.021143778932060847,0.7907979179795054,1.168396906671807
2,0,73,-22.037777375139054,0.38457560074562647,-22.485136034204498,0.21874837173508604,0.1666929676041691,7.122369231674439e-07,1.109106202153746,1.1421453027195776,-8.1198590679536e-07,-2.68457496691926e-08,7.851401571261675e-07,0.9944075873939581,1.1629299063807783,1.561114852880271,1.5222752449895565,-0.07270246887926035,0.2019754780985039,0.040744616278100054,1.3165536054998104,1.2288975086542828
2,0,74,-22.3762234905161,0.2901126330122658,-22.576247035831173,0.20493999152957318,0.21682456818158682,-3.1563720263706793e-07,0.9621240676250963,1.1062176444285334,7.049982151036972e-07,-3.2786269354097956e-06,-3.983625150513493e-06,0.7068355135733753,0.6437987179712645,0.43529968974312444,0.5051899169561583,0.024309178163978373,-0.3782161347304225,-0.13048407660547082,0.5870626265122321,0.6109877344459497
2,0,75,-22.659912467515834,0.15814047163135322,-22.75458145198581,0.12638326268175495,0.10339024966396579,1.8086084189082622e-07,1.02343390459272,0.7914050664607699,1.6735250777892377e-06,1.8390311296894334e-07,-1.4896219648202944e-06,1.0265497916250654,0.7848142661656398,0.9048304831055858,0.8003896533045062,-0.004837687307222893,0.058274117795889424,0.02984913705617684,1.175999936973763,1.3092081347587932
2,1,76,-22.33649184698794,0.2812794843399447,-22.450235517743945,0.25009613717705675,0.23140071164079265,6.794626581032506e-07,1.0971526246261847,1.0715382282990744,1.19832837654397e-07,-8.323384602947554e-08,-2.0306668368387255e-07,0.9865387216320851,0.9671816025005329,0.9528691990011294,0.8042591204162539,0.024502105211233527,-0.021833551274919927,-0.014011011660402473,0.9486149368791439,0.9469495172062901
2,0,77,-22.29594222920257,0.26916593331225114,-22.53619783687731,0.18867153611589094,0.1217443989032033,2.890877990202329e-07,1.0350749587226393,0.9414975990847776,2.3191896008701613e-07,1.6434924800736345e-07,-6.756971207965268e-08,1.0244917307198416,0.9899095527909524,1.2513653002319174,1.0299241952851335,-0.11425707949667441,0.24747377824725802,0.09632097922500192,1.4990337996721634,2.042992941932171
2,1,78,-22.451980911134587,0.33080234825275545,-22.50092562072536,0.2956574336977152,0.2974170703315248,-2.217509569483505e-08,0.9965914954295427,0.91503359440752,2.853753729905253e-07,-8.257280784723962e-08,-3.679481808377649e-07,0.9866169724021473,0.9404205676600143,0.98550025311016,1.1039370275127167,0.005397587744131016,0.03111472426151707,0.022312294159558876,1.0745175703586352,1.0816268183480233
2,0,79,-21.831042446012095,0.34973002312658796,-22.090308922804255,0.26597968373075315,0.18340256014222053,-4.385784635332384e-07,0.9551394261333206,0.9099695901959288,6.726691669238077e-07,6.280679661712023e-07,-4.460120075260537e-08,1.0867199949406603,0.993826933678253,0.966019172542069,1.1060894920767037,-0.11292255557470554,0.43712114906841393,0.13277989533845602,1.820643713380907,1.9968476432388225
2,1,80,-22.100941578657494,0.3307505483692048,-22.32957707161713,0.268694384402304,0.24289491763894516,1.2604538844792216e-06,1.1907932230079326,1.2136283550539746,3.2902320412294137e-07,9.909366725923388e-07,6.619134684693974e-07,1.1457293667515989,1.097337593909794,1.0574408980214487,0.9862911739417078,0.03530252461266414,0.05664190678858816,-0.02114808074965241,1.0515134671422384,0.9270359475059369
2,0,81,-22.097643607600286,0.3919132255907838,-22.233315669531642,0.3728301992474332,0.3359927389818652,1.1272182075184228e-07,1.0165449939029623,0.9156646585077749,-5.740072021519183e-08,-4.829178379383019e-07,-4.2551711772311005e-07,0.9183202867517103,0.9280269145388627,0.9401339864508066,0.9818983466514513,-0.05544058885347525,0.28556011247539104,0.15025057625240754,1.3984878851803442,1.6750419201144087
2,1,82,-22.610917051794292,0.2025796432793591,-22.62011760211391,0.22533141880987054,0.2569215687274332,1.7219162068208462e-08,1.002481255207379,0.9934725102894086,6.360961731651555e-07,3.7811219059227613e-07,-2.5798398257287933e-07,1.0629539333922549,0.9570188415800976,0.8661214934758026,0.9304912265640818,-0.004680475276408913,0.10908665764372216,0.06347079598428532,1.2020830900252752,1.3921324083465672
2,1,83,-22.323961334588915,0.242374428815069,-22.390685678955073,0.2654936501261747,0.3230129619855861,4.176111048350996e-07,1.0603999002200728,0.9873571842375819,-1.2745799611644363e-06,1.0053126810695008e-06,2.279892642233937e-06,1.1529015971085093,1.3467763018100005,1.1598697369610116,1.0860011777926384,-0.10286163642807367,0.19291290279388207,0.06298869225822748,1.0838803716251078,1.3110476542909997
2,0,84,-22.12097726475608,0.2866728372934281,-22.31778451262578,0.26729312216902334,0.27041932924685075,7.180051033749698e-07,1.0733853168579774,1.0110643958174212,-1.4981979102528018e-06,1.176324322085258e-06,2.67452223233806e-06,1.1737214950851795,1.3949966175390265,1.3275831514864882,1.5320414137344343,-0.07715472795481304,0.2322594503289075,0.10226810232649419,1.2703548062163554,1.61971270939467
2,0,85,-22.47714396584647,0.19658887391613364,-22.56760132693191,0.1914598840072398,0.18530340157245,1.544501404260515e-06,1.2217887411925024,1.1941164652603566,5.414970218582272e-07,5.220929985992596e-07,-1.940402325896768e-08,1.0833113704271502,0.9968871097679318,1.1249090090333926,1.0456462811098506,0.03243100929728371,-0.04318583537565246,-0.027821601897942166,0.8253232235997024,0.8731237985258604
2,1,86,-22.22435039173356,0.31726322932328915,-22.314689150579436,0.30003362640192194,0.25638326038243886,2.661455339298649e-08,1.0041238636810774,0.9036449162612239,8.667143436162636e-07,5.0468209120651e-07,-3.6203225240975365e-07,1.076255089194688,0.9452726767576114,1.4293400721192397,1.323891919834293,0.01157640173964225,0.18010721261861917,0.07293864731599686,1.3044252208205303,1.321181240895164
2,0,87,-21.495820888908042,0.5596783242251977,-21.657601845815663,0.536563473719042,0.49458855421331815,1.178773776149948e-06,1.2187669235262142,1.2897862591164262,-1.1960966799938015e-06,1.74296724099706e-06,2.9390639209908616e-06,1.3188934954826614,1.5377440437322358,1.4980325323065262,1.5303994146981579,-0.2920964487381674,0.5984298457392647,0.13965458957872945,1.1648875391021907,1.3518555392027307
2,1,88,-22.665535535993154,0.21311307109321845,-22.600226541778422,0.26927311882703264,0.2765843655119588,1.5493254193115706e-07,1.0289998552419777,0.9928601525500741,1.552089735339792e-06,2.82215376733696e-07,-1.269874358606096e-06,1.0477385391007505,0.7850995529658892,0.7955221222362511,0.8034330171370524,-0.05956576173938544,0.12760071852918742,0.10016517526082289,1.2126604343683374,1.5923150207451628
2,0,89,-22.193444132292594,0.4300202640972247,-22.400623254470336,0.34365336025742804,0.26170585546252156,3.9333602533569253e-07,1.0582467065967625,0.863731950021119,9.620489075749286e-09,1.9455175203484366e-07,1.8493126295909437e-07,1.0358005577159963,1.0340293272137853,0.8249912788505289,0.9322235882042468,-0.06689803350634094,0.1971235107890088,0.1320129722878711,1.2323750572286152,1.6237607736028352
3,1,90,-22.3401585361657,0.09525153498500313,-22.421128560375422,0.08600688123896211,0.10914367384125206,1.4531676989417908e-07,1.0081497289794592,0.9907902362935577,9.850127247863988e-07,-6.844906415949138e-08,-1.0534617889458902e-06,0.9947739588559231,0.9196785933641947,0.9630485623288821,0.9693150006907637,0.05135562391562232,-0.18716281740631402,-0.04390399435702749,0.7544614749768308,0.6620452735630137
3,0,91,-22.28848144277877,0.15972149833524357,-22.095863724669893,0.18713681701717513,0.2201346821540444,3.29958293598901e-07,1.0274756087590535,0.9903545848772708,6.862784297890697e-07,-5.627116223201672e-07,-1.248990052109237e-06,0.9537508412008492,0.8973557725473261,1.0036887529597849,1.0141486489319056,-0.12771479612756664,0.06192892548967066,0.002629887784060897,0.9069786925167657,1.0142535984614043
3,0,92,-22.565600672761228,0.09538142927522399,-22.463489212637977,0.12095179309974134,0.10185321323329394,1.5162060616392014e-06,1.1037140499339013,1.0411098160672643,5.939990899777625e-07,-2.8766416466725935e-08,-6.227655064444884e-07,0.9974915409977523,0.9458736906733388,0.9325185863588481,0.9202585666733898,-0.10744645194618485,0.03325358186028282,0.022699584868826284,0.8529561146432486,1.2310338378591321
3,1,93,-22.44508090910353,0.10308393521438106,-22.409227509278296,0.12042715787726137,0.2062546926119413,2.421982651354905e-07,1.020156333673292,0.9031208677527348,1.4218073965380165e-06,-4.954345718526357e-07,-1.9172419683906523e-06,0.9536040480330367,0.820482947260136,0.7699177663695759,0.7553061081351167,-0.011607331109832586,-0.07679028774591501,-0.004732381439514308,0.859076326106607,0.9621892061798366
3,0,94,-22.239864069576917,0.12593082566089703,-22.230784771324288,0.15633828011430298,0.20518116380876825,1.6955139791361344e-06,1.1137447147058568,1.0790482133755415,3.2536762036899567e-07,-3.142489266594305e-07,-6.396165470284262e-07,0.9732750832306061,0.9456133931901057,0.8583564675754859,0.8165844810077064,0.025585598092206396,-0.026020789426937085,0.010990726034592974,0.9639318594699733,1.0756168619184596
3,1,95,-22.643701994448314,0.035770929131416364,-22.658192492818397,0.04189124963649808,0.0489324040016796,1.9245545338355585e-06,1.1092237176173723,0.9815293824570518,4.2179485620351735e-07,-6.180614772524285e-07,-1.0398563334559459e-06,0.9414143270661698,0.9014391160573151,0.9797809956838359,0.9991324224026569,0.04989735118109451,0.009231202420195928,0.0038699694845421295,0.9752995130735864,1.1017842997105034
3,0,96,-22.397499131911506,0.09159631718224216,-22.2716981763149,0.11074037328033358,0.12941503272646437,2.2745750159215887e-07,1.0139200282429601,1.0046168108033209,-9.99487502842448e-07,-7.908477172020897e-08,9.204027311222391e-07,0.9927586209812286,1.0841608903238875,1.077611860130418,1.0820376067986222,-0.14115157913209586,0.13749753931906383,0.009874132739765132,0.894148175523387,1.097893334549377
3,1,97,-22.353287933603905,0.18133703291860423,-22.23820239625877,0.1851704859754028,0.24359861440365146,-9.428012094595079e-07,0.960523128793553,0.7801375310243266,3.0357770581177658e-06,-4.145520186666713e-07,-3.450329076784437e-06,0.9765006791728499,0.8044559384338479,0.7990437145832806,0.7699218867742603,-0.1467193650703713,0.0828939749544304,-0.014690883100001162,0.8898761221270909,0.9264946334521104
3,1,98,-22.300117007785826,0.14009030115407012,-22.420424365780022,0.11405767831965122,0.13928103048161894,-3.46772892101866e-07,0.9706719986908677,0.9614188488334295,7.221248457200208e-07,-6.195112404162378e-08,-7.840759697616446e-07,0.9937807123385648,0.9214032620930267,0.9102795988689323,0.9514635816045284,0.2765059821443927,-0.2813599310286925,-0.05471712511086038,1.0247689619133604,0.6757980215869813
3,0,99,-22.253511176152816,0.16209872373353915,-22.332853037764792,0.14502048268108722,0.21663101294891446,1.4902984214219503e-07,1.0112817196341206,1.0842778982713752,1.3035452000382164e-07,-1.3059363267083215e-07,-2.609481526746538e-07,0.9874277968242672,0.9748882149267251,0.8232776667447259,0.8720782636207417,-0.038059610784195286,0.004977474462904752,0.01401794149038954,1.0373078764785648,1.10700511037632
3,1,100,-22.578742223464737,0.12476889808763367,-22.51657098846941,0.15700548621255053,0.13090180884431926,1.1996258408507837e-06,1.0876636237281525,0.9999459507379924,7.305416770426976e-07,2.623746949279408e-07,-4.6816698211475677e-07,1.0240595954576623,0.9570438384878998,1.0811095088842084,1.0377420678995535,0.04909688465297535,0.01853623017724715,0.02408083285010168,1.2244904375049048,1.18116152363643
3,0,101,-22.504090116486232,0.12195388893531788,-22.640050781184634,0.08896841014970132,0.08832181262569003,-1.5270973064844414e-07,0.9896962585572561,0.9045644499661373,7.035694808847257e-07,1.9920599445142205e-07,-5.043634864333036e-07,1.0189499242487254,0.9519876592339798,0.896766466633957,0.9175929783166002,0.11183922699025572,-0.15182328560632286,-0.017207720598170245,0.9726955518382253,0.8379323058699008
3,1,102,-22.54958159558924,0.09970709426096491,-22.54051792622776,0.10214833567120757,0.15436747651807714,-1.1845306875579553e-06,0.9271327877764844,1.0099446656772402,-2.08503687435082e-08,-1.3859399265172685e-06,-1.3650895577737603e-06,0.8798073853552268,0.8816154576103219,0.8816929789978687,0.8811418453071611,-0.06762891806322457,-0.12159498243762457,-0.05553420250189961,0.6142978965787729,0.6478100669224768
3,0,103,-22.340418415293215,0.10755258730566851,-22.295317120605667,0.1423070936614205,0.20697385816881073,-8.857891173998922e-07,0.9554196791233344,0.7907639023923361,1.1346224037544744e-06,-8.327920338718189e-07,-1.9674144376262934e-06,0.9342937226364311,0.8447841447654002,0.9830945801169996,0.943181397978826,-0.09163976178243871,0.022375529066952282,0.03588020867046607,0.8322563338544422,1.3371348183290546
3,1,104,-22.572419339878355,0.11069578204566508,-22.535535491160996,0.12701854882865637,0.145294264980478,8.539616619907028e-07,1.0730283614365768,1.0505915451108236,-7.800964571262584e-08,-7.575184674003596e-07,-6.795088216877337e-07,0.9208136133888679,0.9289671923083388,0.9677325948715793,0.9405860301548823,0.02237117538420108,-0.03990462276600226,-0.009407866208502869,0.8586468595906386,0.9310407277135848
3,0,105,-22.454047926544305,0.14555087179829979,-22.58128964404697,0.12300766713758929,0.1341939034384511,1.1994883311784083e-07,1.008546377716337,0.9818182316236469,5.682970657102794e-07,-4.300974675122048e-07,-9.983945332224842e-07,0.9598196798191029,0.906740896742688,0.9314851533193258,0.9701228015241076,0.17065351053795652,-0.17440173374485468,-0.029126032237098837,1.059891961535206,0.8085497661749506
3,1,106,-22.546938686811508,0.07557381956381223,-22.550673178600636,0.0760930591440078,0.08603268640928957,8.288922983289965e-07,1.0607729300427435,0.8976298204875013,9.691785074257806e-07,-2.630153170367242e-07,-1.2321938244625048e-06,0.9770786317353981,0.8926483608829308,0.9540052838764755,0.9397747740090656,0.06973375154214878,-0.09232351796075378,-0.02823128098350912,0.816404844927557,0.7293893158399986
3,0,107,-22.69030882469945,0.034687501936180046,-22.65340677834263,0.046402058712667754,0.07196058715118475,4.8487221054795154e-08,1.0031682754661444,0.8592880618763458,5.317223196418389e-07,-2.627453361324092e-07,-7.944676557742481e-07,0.973091742375638,0.918657749472913,0.9134878529334053,0.9020485051205142,-0.09423918545713406,-0.009809535025677718,0.006364592399705077,0.7172200232469504,1.1589659104314465
3,1,108,-22.617714742556686,0.07815614444176917,-22.66960257269727,0.07208765093644035,0.07588354608794658,-8.997716707029207e-07,0.9265648976156026,0.8288017931489967,6.091223901245333e-07,4.236708202780685e-08,-5.667553080967264e-07,1.00410964355025,0.9448844550160311,0.8230913091499306,0.8516442160610248,0.11880900509595804,-0.13360589639112064,-0.00604368926679047,1.1139972596560588,0.9226470537516102
3,1,109,-22.644787104276695,0.09793050632135668,-22.596516695375794,0.11865852733360563,0.10953074741079125,-9.548274784203347e-07,0.9179794056548747,0.8949797465797148,5.799563708441118e-07,-1.445099276573423e-06,-2.0250556474175348e-06,0.8781302408942342,0.8292240835550146,1.1363323329170851,1.111232920977205,0.04576156792344932,-0.25381088829668386,-0.044110822360105384,0.7516128505143758,0.7289979807868612
3,0,110,-22.365940655850746,0.16650714929988036,-22.27986537097702,0.22134842469054244,0.24454508118748658,-1.581764014818903e-06,0.9100978266727014,0.7646609336631571,1.7429242696492852e-07,-1.0426403449115927e-06,-1.2169327718765213e-06,0.9130383214815264,0.8985028121614054,1.0114010356541094,0.978789695504705,-0.14064296595078574,0.05059644768570948,0.06320033216146981,0.9576205512257268,1.3996275327183527
3,0,111,-22.499934600337557,0.13832391532877422,-22.443515492004593,0.15750719974150107,0.17452076686243934,-1.7581512176444658e-06,0.8778688334041346,0.8752554259757265,-2.5347968377094766e-07,-5.311199323003111e-07,-2.776402485293634e-07,0.9493406555060608,0.9735135335205624,1.0664920659892905,1.1151622237969412,-0.0032746400256336017,0.011790321603950105,0.047379820554206614,1.358759284124096,1.430227439904882
3,1,112,-22.434599914641556,0.12812263973903132,-22.48095866614323,0.12870217410346976,0.10622544487797562,7.120578246942763e-07,1.0495319781039447,1.049293923107713,2.3049471322306395e-07,9.808709311605787e-07,7.503762179375148e-07,1.1043693078000323,1.0798410791318036,1.0284405377782528,1.0738284765914232,0.08993653444245808,-0.0664323972712566,-0.04046139700976273,0.8501070337181821,0.7608149507628879
3,0,113,-22.358405706200262,0.06355738699164441,-22.274087824746825,0.0961827923761378,0.11869418305943275,1.2181872396506886e-06,1.0768554867074585,1.0246459956774296,7.873174642331271e-07,-6.627891934238272e-07,-1.4501066576569543e-06,0.9436323526351157,0.8766841603454076,0.9402817398908193,0.9365407783381927,-0.13858514715632353,0.0660805471426471,0.016203181854371307,0.741374517947337,1.2025914058396479
3,1,114,-22.474440920969275,0.09747975665129895,-22.46450725447125,0.10900174228958745,0.1248885473877467,1.765999975816728e-07,1.0159678145726168,1.0304793729287758,2.1700258744572818e-07,6.688500261886184e-07,4.5184743874289023e-07,1.060815086398155,1.0410812088843873,0.9087890561090365,0.9858730275917594,-0.06878163866140952,-0.05562053894902519,-0.009520505572481852,0.7482123522876063,0.9196732610443847
3,0,115,-22.483922657334624,0.06037649082353768,-22.550183146814746,0.05890139491766831,0.058372169006873725,3.489543951127149e-07,1.0229951941102793,0.9800696071991888,1.0657684304124687e-06,-2.496867554681456e-07,-1.3154551858806143e-06,0.9776316185362224,0.8821921515443156,0.7743455802427818,0.7660663933713828,0.039480746175549086,-0.1786671787134324,-0.01508086612453706,0.7510735356327835,0.7961556460737352
3,1,116,-22.461255725387133,0.11111179592169895,-22.511492786719813,0.11251024968514228,0.14156261827677263,4.145005166848352e-07,1.0289906409435146,0.9463675288857519,8.486089752779791e-07,-4.2985324154884517e-07,-1.2784622168268243e-06,0.9506430720306169,0.8532261252108108,0.6504158598391109,0.7412001604100167,0.015418758255805187,-0.16459337879982172,-0.023207088876508714,0.7379997597034704,0.829004243633417
3,1,117,-22.39235342668672,0.086107082547286,-22.376696974943066,0.07524841452296284,0.08261690203144294,9.20845876678202e-07,1.0650040481061962,1.138001051005897,2.6509174231395966e-08,-1.8969191397454005e-07,-2.1620108820593602e-07,0.9864227231932436,0.9845263178674273,0.9076138110651075,0.9194374713517545,0.001927756789186219,-0.0038092947843999525,-0.005693031495463824,1.1587494617332412,0.9296648148942848
3,0,118,-22.10589764541835,0.24652332646471525,-21.899141569670167,0.3325879216476107,0.38600248250592906,2.872563462848136e-07,1.0239265598158465,1.0873482518102142,3.226134435041911e-07,4.315101547465666e-07,1.0889671124237547e-07,1.0429417796965867,1.0108294261377035,1.0731629935800975,1.0427661310543597,-0.22989094169032143,0.3260679733767766,0.1203579989753556,1.0859902615028025,1.5671113540596833
3,1,119,-22.45542724883684,0.06626660193282634,-22.307021173129105,0.09016427004110518,0.10842808144751935,3.9948528045144073e-07,1.0326673874323353,1.0089302061047443,3.735486689593121e-07,1.7421596683720277e-07,-1.993327021221093e-07,1.0140124638608852,0.9839501018664325,1.0380130651817983,1.0601834407792075,-0.19698609600202843,0.1597835591032002,0.015631357607688384,0.8301397281683195,1.2097242275441749
3,0,120,-22.381996638577682,0.07029325415798347,-22.398785186989215,0.07399386989703927,0.06879792756184037,1.1368674593086155e-06,1.0693137718367516,1.0168699795461111,6.460484182588011e-07,-1.0830472712721844e-06,-1.7290956895309855e-06,0.9033689543561891,0.8457329007477501,0.7939947124589132,0.7706414611720117,0.06429138067722562,-0.0759140611715523,-0.029188750568090657,0.8360414934036582,0.7171156294710851
3,1,121,-22.506124928971662,0.07774554205716143,-22.586236150990075,0.07698636672943439,0.09473956397082912,1.4043969742398085e-06,1.0907820609266512,1.0301764551545254,8.193398213126486e-07,-1.95145238662196e-07,-1.0144850599748446e-06,0.9807663089644968,0.9000527966443462,0.9994821215268315,1.005252095470965,0.16305915840846197,-0.18112650960125976,-0.026842817341736394,0.8865055564025458,0.7414713632201536
3,0,122,-22.62696850328582,0.07710564477887136,-22.56329855742969,0.09170466595100114,0.0692622600917346,4.823312961403487e-07,1.0341712536339684,1.012658395464624,-2.9625825366753406e-07,-3.9869525701246254e-07,-1.0243700334492848e-07,0.9630659526535232,0.9905036319521997,0.9134995598766603,0.9144141873329773,-0.055204885543663096,-0.03185128275747573,-0.020471696806422676,0.7195459066073688,0.8175043620157109
3,1,123,-22.55713455266318,0.08297752576961757,-22.585923538485382,0.08504463711065584,0.07302075863620817,1.2830601248225514e-06,1.0730346280633807,1.0499975418145444,1.5328755342066292e-06,-2.1458838364591294e-07,-1.7474639178525421e-06,0.9824815166215565,0.8573995065417216,0.9123066094621421,0.9301930057981617,0.13708590664360898,-0.14562252502892292,-0.03216213318691971,0.9053029255794128,0.7255949193222972
3,1,124,-22.591616152965017,0.08063539614266535,-22.56773656817659,0.09824945401169594,0.08446772279339175,2.623099736317863e-07,1.0169513669782106,1.0000152317758824,1.7929877625019025e-06,-1.8329165719865985e-07,-1.9762794197005623e-06,0.9871351064509807,0.8613573199822412,0.8297996658611108,0.8183184486451032,0.01210541351907679,-0.14526975277139087,-0.00591576274552813,0.7703229994649445,0.9432078862405991
3,0,125,-22.746397476313444,0.06250261157007075,-22.772605286882104,0.05475055243518756,0.07536615303133463,5.908054933104366e-07,1.0426637536058496,0.9231050703475905,5.101007873067572e-07,-1.3489155209958315e-07,-6.449923394063404e-07,0.9871778188480981,0.9387258631601599,0.9602412110720794,1.026602772528148,0.043023668056793696,-0.060559937956380594,-0.014023381024848416,1.0362620577841455,0.7960945317660688
3,1,126,-22.294061576608975,0.13303225233533883,-22.31125165607088,0.15665270697828504,0.14052853223351852,-1.719602280617965e-07,0.9908458805712359,0.8670888958729233,1.4699886577725035e-06,-5.26866391421784e-07,-1.9968550491942875e-06,0.957624516816174,0.8394168271762563,0.8799616424094777,0.8730949981911997,-0.018514948715374402,0.03314932173537244,0.07471473575313534,1.2697686599094538,1.9118450755468328
3,0,127,-22.53865796517549,0.09614308046663009,-22.553423339970312,0.1016614704464572,0.12731652500959295,-4.851767125892514e-07,0.9680327682453983,0.8340052662811535,7.073519424238516e-07,-9.7696857292254e-07,-1.6843205153463917e-06,0.8903933087761577,0.8110431914062661,1.2000297735370173,1.2498904528653165,0.10443716716522289,-0.114350662463373,-0.0063742180648899555,1.0406701759411232,0.9409989583366208
3,0,128,-22.387084528429558,0.07374483058006254,-22.32466062714618,0.08856724758555505,0.08492845947726323,1.6170148108343707e-06,1.0931957440823223,1.0866384498898365,4.409406012165072e-07,-6.187087372244192e-08,-5.028114749389491e-07,0.9951014723054528,0.9602470380048571,0.8719554528820431,0.8523373944721274,-0.02532578136112562,-0.19076659627820192,-0.052500874716026144,0.6273228468099356,0.6278331778842923
3,1,129,-22.672315688908633,0.07885389945704625,-22.699896480877587,0.0776403387490217,0.08666168509837416,1.6664906305465228e-07,1.0111028060357607,0.9542665878683665,4.08453593662634e-08,6.538004584633475e-07,6.129550990970841e-07,1.0655337141093768,1.0614389516401936,0.9907886389669643,1.0125587597274979,0.10128990133998172,-0.17079663954962143,-0.04539335480257814,0.8964819615908235,0.6310494015475095
3,0,130,-22.35665813282579,0.09731121677320828,-22.320927806215856,0.11423672849072126,0.12088310928352768,-1.955857499558438e-09,0.9998398024419136,1.0401026705798666,-2.386230157618408e-07,-8.200164819510432e-07,-5.813934661892025e-07,0.9165125468827492,0.9408042521216434,0.8792198270886614,0.9359138545640728,-0.03863286571866098,-0.0222179002764058,-0.007286846910594003,0.839801943217508,0.9400375854599906
3,1,131,-22.14674155321106,0.16340452310525255,-22.2465783105752,0.14912601376839296,0.12029557884345948,-5.1716110151724e-07,0.9609158429602286,0.8645463689030466,9.062413214619669e-07,4.2708672837365147e-07,-4.791545930883154e-07,1.0421914216286579,0.9526438850184464,0.7584291713368043,0.7509209796573206,0.09791786136638336,-0.13168273207541503,-0.023587114261376996,0.8775297382077338,0.8634318385823309
3,1,132,-22.5165299445472,0.10125516299534172,-22.551427730331998,0.08249255120248643,0.10774121268890773,1.7204552853477343e-06,1.1500340590909455,1.201244545466723,2.0991698044595403e-07,-8.550764824518833e-07,-1.0649934628978373e-06,0.9239573040158795,0.9052913871513399,0.7831529970923059,0.8554075497717307,0.039050796294894496,-0.0911680001023889,-0.05434168738533794,0.7678710562778474,0.6028648384611262
3,0,133,-22.157472961074877,0.17532827006225762,-22.1812341761522,0.1749964723760376,0.16413825133819301,1.1027131393570464e-06,1.0772394830138747,1.044790067575984,3.2802385218487997e-07,1.0278352240675005e-06,6.998113718826205e-07,1.0814677089359113,1.055465533387164,0.9331802324462252,0.9834238206781851,0.021125164899221005,0.0659367150679202,0.010158630731140872,1.0336175817892197,1.0616280249947847
3,1,134,-22.11362881145107,0.09332267026615268,-22.10771908726621,0.0887352648559153,0.09701172125145084,-1.3937282872158652e-07,0.9935915322758656,0.9996862303496465,2.2207301766982922e-07,-5.274111285738427e-07,-7.49484146243672e-07,0.9614470420814738,0.9452169167982182,1.0462264949259235,1.0112877658592976,-0.03733073736596282,-0.01716802854776489,-0.0014020005884415876,0.9601918303160549,0.9844459372050548
4,0,135,-22.75833719277383,0.12990162832277358,-22.747862607567033,0.13480206018939045,0.2306570545300574,-4.3207270580138046e-07,0.9293979471611906,0.8785511959472257,2.2033767987797445e-07,-5.610914384457351e-07,-7.814291183237095e-07,0.9099780324820268,0.8746331749127526,0.8767717511241448,0.8780643601790158,-0.03731043016227176,-0.06859500850398348,-0.010023838613086977,0.7293275417915684,0.9307869739525192
4,1,136,-22.74367493438457,0.14874688219453283,-22.681464535643283,0.18282873691407311,0.25515877502036494,1.5154121614788916e-07,1.0320412770718421,1.071838459205916,2.8152180494877397e-07,-7.03655200052919e-08,-3.518873249540659e-07,0.9881242215139766,0.9406784552114498,0.8258100822836425,0.8414885257289417,-0.07499277925874992,-0.023221251062214066,-0.007533155210041664,0.7385612610640181,0.9604271883304626
4,1,137,-22.748542467348187,0.1919213568976401,-22.749533503487303,0.18579263538015728,0.22837603085821245,5.1402050578508755e-08,1.0153117592889347,1.1881806233697938,-2.1354429913889183e-07,1.631589163861149e-08,2.2986019077750332e-07,1.0038292214498636,1.0542555827614877,0.9041887844553993,0.9376495460263707,-0.0006398729052854435,-0.03460525167952966,-0.02319017822834274,0.9114069033233648,0.8890330840281938
4,0,138,-22.823510042849193,0.1395435061879694,-22.746299497706538,0.1864193965858045,0.2583616817411034,3.5059750968567893e-07,1.0847504037279776,0.9305612293072667,-2.1305890058508897e-07,2.0042157166547167e-08,2.3310105775163614e-07,1.0046147734431252,1.0539182940216754,0.9865580032764696,0.9529740528019959,-0.11577888950134252,0.08571359167838466,0.057097494655953956,0.8211448451767807,1.4415144972332259
4,0,139,-22.71162968790176,0.18340881039265614,-22.771791415654267,0.1569854462315084,0.1467919540836323,4.68220280538662e-08,1.0141861021818432,0.9820359783978473,1.8483099520439943e-07,-2.75863793787044e-07,-4.606947889914434e-07,0.9415295940152417,0.9023681403337208,0.8413473701840963,0.8022905507733157,0.00887657966245925,-0.030977296831569134,-0.0026857710357518216,0.9488199065687853,0.9831793658241217
4,1,140,-22.817527842332503,0.1224502446306492,-22.837201654635656,0.10998181295390226,0.10735777451658712,-1.5082276943098075e-07,0.9639036786481424,0.838197955197022,8.410491346864446e-07,-5.925365847844105e-07,-1.4335857194708551e-06,0.8991070915962144,0.7559234011396567,0.8114033232918464,0.809144183184111,-0.0009636225686655564,0.013380141935517287,0.02241408137656839,1.1739313657776798,1.2559627941392717
4,1,141,-22.77074114184634,0.16072217988082965,-22.778272584339724,0.15197798349009847,0.15001183824343786,1.6928431728354002e-08,1.0047655484728675,0.9921747409608858,2.673644999941925e-07,8.122909417187827e-08,-1.861354058223142e-07,1.0167550585986616,0.9615380256669989,0.9276886133035334,0.9231139847316882,0.027039006247658648,-0.07353842730447369,-0.04196572340669086,0.891456804757401,0.7836190503083166
4,0,142,-22.753967251552368,0.1678983614383128,-22.739155399256628,0.1757218040649841,0.16838937103848134,-8.74901646396199e-08,0.9845322883309409,0.9045625931640466,6.059091995099549e-07,2.228502764595506e-07,-3.8305892305040434e-07,1.0449476375084599,0.9226843232020461,0.7959911322044356,0.8667276839429315,-0.0036262867722491876,0.04611900340804098,0.03276091203031023,1.115494064693542,1.2291599572521439
4,1,143,-22.924184338152802,0.058191664401314895,-22.916016399834678,0.06677380246240532,0.07180774138144115,-4.3761380135436495e-07,0.927269382002694,0.8558850801980405,8.07680439470613e-07,-4.4109716247651996e-07,-1.248777601947133e-06,0.918293015005849,0.7687155943863168,0.9059747505028244,0.9559868830099982,0.027236934874970586,-0.0037793583558212163,0.005812573340795629,1.2218939901888812,1.0953486882566859
4,0,144,-22.832789074950934,0.11147472926680929,-22.818500810427096,0.11635383211468776,0.11520297864812329,-2.0710184703096046e-07,0.9567976209508078,0.8992962298083542,-9.599993114307686e-08,-2.415544274693582e-07,-1.4555449632628136e-07,0.9501897101241978,0.9699774063330746,1.0739112083882438,1.0134418938998069,-0.05138472553024087,0.024069943486448864,0.009696538464704016,0.8263294459138243,1.0909130357970056
4,1,145,-22.775691729056362,0.14721860274986118,-22.80909747948217,0.13533996220637737,0.13675550728817143,4.166236485988097e-07,1.0831595464802748,0.9785338131849614,7.00729114052396e-07,1.945734941879816e-07,-5.061556198644145e-07,1.035435540174015,0.9077537973443018,0.9317500767425448,0.9205172667400745,0.025158228257947002,-0.025103444478386194,-0.010651768021606278,0.9531567915698841,0.9270385514461941
4,0,146,-22.741455556553827,0.15625383503376544,-22.742731929021485,0.1718219971083101,0.15738201654783743,5.2986023776772384e-08,1.01045558147357,0.9236926722392036,-8.400672389447981e-08,3.344450259500532e-08,1.1745122648948513e-07,1.0068608014061111,1.0241456131310989,1.258931831990102,1.1939672461278918,-0.04862680711897127,0.1084174189642404,0.07227169779516145,1.3222712026818377,1.7259817210114365
4,0,147,-22.721017233827133,0.18138608391903452,-22.756241397976016,0.14936395445530265,0.11037286029456428,-7.237477694137734e-07,0.8728257844752751,0.9158415560900949,-5.4585691735402635e-08,5.99366068765411e-08,1.1452229861194374e-07,1.012414958388364,1.023740451708754,1.613451300158027,1.4868705012197359,-0.012042688464969586,0.10015155429432454,0.04354856168376607,1.5762870781349994,1.4115522364183393
4,1,148,-22.77585092626671,0.1545504261595171,-22.78469520674316,0.15450594149124672,0.1795006936251304,3.3016193574734936e-07,1.0741767706323333,0.9560521830429152,1.5966762557069365e-07,-2.0997920542185667e-07,-3.696468309925503e-07,0.9609274990857596,0.9312310165921313,0.9024616158462685,0.8752527297897532,-0.006868849445076819,0.027891331637842853,0.03943381602688795,1.1160413836841139,1.342687820647173
4,0,149,-22.621164176434544,0.2185292639902888,-22.681653475110792,0.19203895377383778,0.21823759237887205,3.224349568026025e-07,1.0891125372271273,1.1956433195808536,-3.777927970868641e-07,4.782424791598575e-07,8.560352762467216e-07,1.0887798619357534,1.1589271377532622,1.327034685130563,1.2189949480306144,-0.004989705994333349,0.06401029102378786,0.02356966179862885,1.101759400641394,1.139904794566993
4,0,150,-22.812365620153187,0.1345997756758676,-22.88492554642145,0.09956058794410073,0.08704734199819343,2.8053355573634815e-07,1.0775466597600494,1.04372288894898,-4.179047007011116e-08,4.037709585548118e-07,4.45561428624923e-07,1.0986015741212645,1.1088094081129214,0.905056684426684,0.9248148860464523,0.011053307563198445,0.044626294921950915,0.03040887105664304,1.4165899925787495,1.4397413727580823
4,1,151,-22.79954084684874,0.15049581959628514,-22.806130505362123,0.1505307391943622,0.17951020309473248,-1.261219682562694e-07,0.9658022734181705,0.931884558100132,2.458979516275476e-07,-1.3856509842019193e-07,-3.844630500477395e-07,0.9687066447475989,0.9132134309267659,0.9038871336060214,0.8466835128360208,-0.019515659792958218,0.024715109715923944,0.018878539509260467,1.035257412885281,1.1433970677290333
4,1,152,-22.845395610404463,0.10734554794410525,-22.8586842853858,0.09424991629676172,0.13104682479138222,-1.8041953444275336e-07,0.9584443665246569,1.0365003163537334,2.7197486974343097e-07,1.4171095577169687e-07,-1.302639139717341e-07,1.028940985345605,0.9733575689586176,0.9045670766155787,0.9297163415828409,0.016213087776044688,0.015710755498488993,0.003987535076356033,1.1901263220637295,1.0441771524086145
4,0,153,-22.76141967504652,0.17083444845313062,-22.752282569465418,0.17393985295874792,0.18759556268608513,3.241036652051188e-07,1.0896664943848944,1.103767157803504,4.3022017328152574e-07,2.64072121745625e-07,-1.661480515359007e-07,1.0534391565325394,0.9663443412489677,1.001353335685568,1.0096253471601941,0.009658362814640498,0.004310617846893905,-0.0042081795753151074,1.0419034487329373,0.9763781860899963
4,0,154,-22.778310587404455,0.12976738950698816,-22.751541487906636,0.14254070201219807,0.21383340797157294,2.2315774089529207e-07,1.0464338943481342,0.999907527221547,1.806031951786048e-07,3.489051213237686e-07,1.683019261451638e-07,1.0691639725826776,1.0333524730488668,0.9661829927144937,0.957597049757536,-0.0413248889850415,0.09224560107482205,0.04306919445010557,1.1572473358674311,1.4329802107394696
4,1,155,-22.73564745941822,0.17754671034889305,-22.783991190522187,0.15353911159362613,0.18302864673363842,2.2278614640895444e-07,1.0413039555894186,0.9527696276058556,2.2004084540137868e-07,3.725970577424433e-08,-1.8278113962713436e-07,1.0079636661549896,0.9608068925280892,0.7753537638230109,0.8043794643516254,0.10566429211055706,0.006741276832102017,0.0012186735336643661,1.4091748461710023,1.0080007216916258
4,1,156,-22.825940581388124,0.1208751514171315,-22.8046175872329,0.1352234731623988,0.11771047990180705,-2.1835178103884471e-07,0.9589681811053392,0.8748379435484569,2.389336497013974e-07,-9.703156103736063e-08,-3.3596521073875805e-07,0.9814659108279096,0.9358739577852178,1.0447960516773054,1.0685964105114996,0.03148589695303272,-0.04339110752992781,-0.02022620103846029,0.9503999561250482,0.8698858570825033
4,0,157,-22.75485343763763,0.16673484057562754,-22.77194645722693,0.15246982989400862,0.21091286520734515,-1.7127243746203469e-07,0.9501111545181855,0.9903506493594406,4.87852832242049e-08,6.904844214423008e-08,2.0263158920025183e-08,1.0142407335129853,1.0041645346004975,0.9921395118212165,1.0273417008759895,-0.02728500276898771,0.0754783596660289,0.03720672358306791,1.2113973499963047,1.322798201797694
4,0,158,-22.669257896622604,0.21136048747605812,-22.732091611126023,0.1755084888520947,0.1755403361632653,-1.9462644118446503e-07,0.9447865543576116,1.0577122411683535,-5.596235587859913e-07,3.8411050033330135e-07,9.437340591192927e-07,1.08954159874172,1.2200317496718014,1.190971586505349,1.2585264463480426,-0.06252484165706207,0.15867474491351174,0.09763829174874639,1.7567008105984894,2.2538595657305986
4,1,159,-22.877732988078908,0.09991785060085688,-22.869089287344305,0.11047717622649142,0.12179145867936672,-1.574200007554493e-07,0.9693036851274509,0.8666287202408375,-6.24832103042497e-08,-1.6473831187778198e-07,-1.0225510157353229e-07,0.9673940954045108,0.9797536104395277,0.9416175562819343,0.9982559582986874,-0.020965420436056093,0.01610007965882332,0.017556252370749634,0.9913669879451634,1.1889375559708346
4,1,160,-22.87792905951543,0.0891709139844687,-22.88889020770522,0.08231599002767834,0.08081277212792752,-3.537483333087507e-07,0.9228003719316933,0.9021357068346926,-4.734678498502101e-07,-1.8698768212521272e-07,2.864801677249974e-07,0.9498198168174273,1.0768121616188415,1.163989292794926,1.1572431210251202,0.05817930517375913,-0.031569238610043016,-0.010442896896586368,1.242873213652136,0.8874189058148724
4,0,161,-22.731801554227324,0.13332756894773903,-22.734144413960856,0.13092771166949727,0.17076148810099448,5.139033760386542e-07,1.0965226255994172,1.0566283798623284,-1.0234125302497169e-07,2.0084446892489708e-07,3.031857219498688e-07,1.0362172976249329,1.0546811867670076,0.9774362395589327,0.9848870195253728,0.008158318072833737,-0.05863262383061141,-0.044071823388009634,0.7960534178896631,0.748160339692656
4,1,162,-22.852729975451958,0.0825776599744246,-22.87126009700568,0.08067716532007588,0.08628995769339727,-3.581465358505159e-07,0.9297211278176939,0.7889007893350507,6.802174664515197e-07,-1.896403247899404e-07,-8.698577912414601e-07,0.9658960700558367,0.8436337684162603,1.2736189592552667,1.1955816548458094,0.05541121545399719,-0.03992735093932254,-0.007639566490505095,1.049890622168193,0.913498083259693
4,0,163,-22.56740791619872,0.21215981878975856,-22.708044410014388,0.15364000703281566,0.10757318357376894,1.5016156597742359e-07,1.0286566260365624,0.9052630206670034,-2.573077488171579e-07,4.965169802861578e-07,7.538247291033157e-07,1.089178860001869,1.1354029269061359,1.2207008181806176,1.1388939107385134,0.09556595399666534,0.004904274988202673,0.0012080693594235248,1.2977488442586038,1.0079253027749306
4,1,164,-22.793660716942835,0.14180172879401515,-22.81844894366158,0.12811540913831926,0.14975038554974948,-4.61740274219686e-07,0.9094568692792547,0.8462253256790584,4.9247175064507505e-08,-5.436609678615756e-07,-5.929081429260831e-07,0.8943663134075164,0.8847993143697082,0.7499311286262444,0.8454220024025307,-0.004403558601083546,-0.0030982399434975605,0.0034824403577324997,0.9580513339515475,1.0279415654542348
4,0,165,-22.648604600284944,0.22324709242313537,-22.662140547001275,0.2227580020729303,0.21316467561920555,-4.830293260769641e-07,0.9098207263683183,0.8304531597280799,1.98979931404118e-07,1.7053708359385421e-07,-2.844284781026379e-08,1.0366469562272875,0.9938627881195299,0.986219962877061,0.9500656123813724,-0.04427773957194958,0.13600948503254529,0.07971051302561832,1.3591328180887237,1.5572311223409974
4,1,166,-22.772328706035378,0.17712806776744677,-22.741910119310297,0.20123549925799958,0.24910855721219477,1.2816614307491117e-07,1.0336120218782812,1.0060669098985426,-4.380088169775231e-08,1.1540253236432418e-07,1.592034140620765e-07,1.027439814514642,1.0378635931144602,0.8690113429833188,0.9516717041438221,-0.01166789903750498,0.0009959047773726581,0.012416532830913901,0.9727403309770212,1.0657589275023003
4,1,167,-22.636524781170625,0.2503780675476678,-22.633942366882124,0.25740438404059796,0.18271345359181618,1.6332062964692222e-07,1.0398592330628265,0.8746055175976332,4.813586527431923e-07,1.8957643585320953e-07,-2.917822168899828e-07,1.0397435884683437,0.9387763092699801,0.963582206172233,0.9282027472344193,-0.006478766696979221,0.06866638933308167,0.05191124353362839,1.160836531069251,1.2526178892409596
4,0,168,-22.76478887604167,0.18851283019633544,-22.774880120507905,0.18602342492746907,0.1693182220790618,-2.2183909044177455e-07,0.9525847290491424,0.9370604920896002,2.1854091180623007e-07,-7.366921917373331e-08,-2.922101309799634e-07,0.9864254584735174,0.9462109528060186,0.8716135924636661,0.7644650249146732,-0.032461009830804244,0.09202811452528081,0.07679733682243038,1.4210017844695575,1.7031043405881825
4,0,169,-22.60113674019075,0.2821425534503377,-22.72736725019387,0.2036025050438545,0.13259230563324276,1.4842665297126033e-07,1.0314805020227613,0.9964452735688979,2.551647028307841e-07,2.342102897888407e-07,-2.0954413041943384e-08,1.046315624012955,0.9958346628884033,1.3144204962841575,1.2717141519145405,0.18554227839427284,-0.11274154092830813,-0.06461037504997172,1.1467639300012402,0.7591078582681021
4,1,170,-22.91504582918181,0.07100671687507758,-22.894550536217654,0.08534664229439874,0.14379059387414383,1.786485950224477e-07,1.0415410635616393,1.0394800588201702,3.7462162859393683e-07,7.613525652425155e-08,-2.984863720696853e-07,1.0160788031416577,0.9368594029039804,0.8458885668721374,0.8447955782283842,-0.03187435345694922,0.043613345528314085,0.03211065651150331,1.1417095248551603,1.6031757631414576
4,1,171,-22.783987056087174,0.11067313956202715,-22.76626488739444,0.12643279633395882,0.14462052713804938,1.5674978476807156e-07,1.0369534207032416,0.9918661339588655,2.583762074044139e-07,1.2574416207625607e-08,-2.458017911967883e-07,1.0022493086453392,0.9556605282654265,0.8440987220410118,0.8252528246665773,-0.042826536892285105,0.09168041531999194,0.05115807673999963,1.282878959655095,1.6796182948005727
4,0,172,-22.677704226714326,0.21293053404751766,-22.750700529129446,0.17117896542905847,0.10740729559863967,4.92351041993498e-07,1.1261804896940433,1.0621734929289752,4.2992550044056774e-07,-1.1330592126220077e-07,-5.432314217027685e-07,0.9753333422391437,0.8818212481262324,0.7405927017496735,0.7289370225596552,0.07680280743461054,-0.029859912989888215,-0.013163135851928687,1.1821223619807582,0.928593979056776
4,0,173,-22.667002979022552,0.14417249852028083,-22.763354129272553,0.11241065937009351,0.09488197255662964,1.5480039954240184e-07,1.0310482420415041,0.9270972971862903,3.30171423694246e-07,-2.5828356762115883e-07,-5.884549913154048e-07,0.9649346381243973,0.9201269107622739,0.9683706455262578,0.9983634466296694,0.19034033937463235,-0.2013915624122582,-0.07199377511320787,0.9969031823713644,0.6095876144416366
4,1,174,-22.806060737139077,0.1419433561519321,-22.827678250704107,0.13841345772124627,0.10837608824031368,-3.295838504474374e-07,0.9301244349616166,0.8788743402451685,2.529782921002764e-07,-1.648037522708724e-07,-4.177820443711488e-07,0.9736578007728468,0.9332463214773117,0.890026405571011,0.9572729129082661,0.007089471565752348,-0.044065965978134614,-0.003335742077512721,0.8924828607814155,0.9764672944898792
4,0,175,-22.7307291836683,0.19019661526684264,-22.866195827731588,0.1042890978705973,0.13559640829262828,2.1976050683619144e-07,1.0375102328506232,0.9259602052183263,3.891902907483457e-07,-1.0557191763510359e-07,-4.947622083834493e-07,0.9791483132311675,0.9023514288954609,0.7467823147721292,0.7971832398218184,0.1727229511021946,-0.18747609727165226,-0.10711405249317711,0.9638718227851047,0.4933185604935819
4,1,176,-22.706169633818146,0.18636416920649163,-22.731649105955025,0.1798304172721992,0.19733170258278718,-2.3044049860186402e-07,0.9443949482066247,0.9567687664448731,9.83575160180683e-09,-4.5586004852451e-07,-4.656958001263168e-07,0.9048836517685247,0.9028318474986041,0.7810376401837089,0.8546489664694212,-0.008533100547460037,0.021829669275692964,0.019613916202454895,1.0370117052493437,1.1224213233921179
4,1,177,-22.760513693255866,0.11911431854217967,-22.720706220457615,0.14600660777849653,0.1820588251353912,-5.3630714335929065e-08,0.9912456050316444,0.8513055989376767,3.717703481273734e-07,-4.559789097323472e-07,-8.277492578597206e-07,0.9150225814337648,0.8457536812299058,0.7271533068305311,0.7941841190948891,-0.007518761703625643,-0.06340862873717867,0.0039011779185668394,0.8831345382881414,1.0274527005735592
4,0,178,-22.493228113192497,0.27060734954348653,-22.719087742816324,0.17870094447400034,0.09242248622066603,3.153355000996905e-07,1.055803008457884,0.9343226506225342,4.914147777015811e-07,-4.253106971532055e-07,-9.167254748547866e-07,0.9386171495032966,0.8677105173161337,0.8809541352049016,0.8996343809587488,0.12537108962184718,-0.03125626565133288,0.0037378604865381526,1.2956298074395218,1.0213637088419727
4,1,179,-22.84939170690032,0.09349656904485497,-22.861442163494235,0.08967268019982387,0.0915721827430494,-1.78421389659174e-07,0.9642229599199756,0.8897782819208984,8.128854264654452e-07,-1.7219799481749092e-07,-9.850834212829361e-07,0.9709357152334437,0.8338132052332468,0.9866629213271986,0.8823361102798003,0.02280818999318157,-0.018407383528991517,0.0030051091871722835,1.0533179757127384,1.0346739737665684
5,0,180,-22.868354564078768,0.08918227177871338,-22.826386347727006,0.12093398021400942,0.17286406715605565,5.8382402427441256e-08,1.0147008687278805,1.0396606720383994,-6.075903179627735e-07,1.1958351820677537e-07,7.271738361695488e-07,1.0333560256728398,1.2029760581986806,1.1549912388326482,1.2581970683985542,-0.06106218835531507,0.06745526274006508,0.03202589288569624,1.0009317428691327,1.3602134936432955
5,1,181,-22.782361183501738,0.13055363959045502,-22.9176094241842,0.05624090129047604,0.051009383501831235,6.094734274452413e-07,1.127776700612388,1.1472469198193957,6.00068802809853e-07,1.795203807426018e-07,-4.2054842206725117e-07,1.0383121527975254,0.9101777258883502,0.8227085604831377,0.8263326374086762,0.0734926178362798,-0.021564413173038588,-0.01673461248784079,1.3381899726794648,0.7706818123165949
5,0,182,-22.92870595332208,0.05144072144919846,-22.914175738508238,0.05936641183110012,0.0972189468248674,3.4903337106710237e-07,1.0658711573655875,0.9878049824262478,-2.8118329802394407e-07,-1.5322822172435236e-09,2.7965101580670054e-07,0.9996028404008693,1.0680191012322933,1.370233395954193,1.383322520146323,-0.012622209341738966,-0.04411099555665032,-0.027372757731421067,0.58176544720543,0.6844244885220702
5,1,183,-22.891922460828496,0.06658236631985762,-22.86914869414586,0.08064628939280541,0.13948705347747453,9.280381156645979e-11,0.9999989434696753,0.8839483980054365,4.3670304681848436e-07,3.1061189058449485e-07,-1.2609115623398951e-07,1.068874172798908,0.9720097305008397,1.3756207231288158,1.3479672741158062,-0.049533676762763434,0.04551265704337837,0.02274692429129776,0.9367972616084818,1.3928700100965088
5,1,184,-22.71609144302896,0.2087869280754252,-22.74048185845522,0.19333862349815573,0.15826303053565896,3.179151400184376e-08,1.006302340739656,1.0337315877987636,-4.854888172808073e-07,-4.258356813194161e-07,5.965313596139126e-08,0.8950460882982191,1.0146743624621783,1.0654412486394504,0.9870604322196704,0.027429393057989415,-0.027948659912059526,-0.019910609141961744,1.0593210003203781,0.9066322115858376
5,0,185,-22.588351054846814,0.2112157575700828,-22.797987307131855,0.13134186923537988,0.14569566180036467,-4.6485066758044994e-07,0.9360170499835029,0.8712247570679824,7.366720594301378e-07,-2.0785113611200903e-07,-9.445231955421468e-07,0.9542885555298221,0.7923546292865229,0.7113027041039895,0.6796919189515997,0.07481528066515253,-0.03663730472965554,0.0010909267699362735,1.1343448241378216,1.008375576010808
5,1,186,-22.820944131631894,0.07926654435831651,-22.855234319559912,0.06276988953122141,0.08227123611059882,-5.2432233847374355e-08,0.9917009113217529,1.0206097332738613,-8.559174897439481e-07,3.20546661347737e-08,8.879721558787218e-07,1.0063729269702617,1.177074120708351,0.9874027600035897,1.00705702844052,0.01315247886426718,-0.06306495248409405,-0.03058656817009381,0.764965519835156,0.672367943359748
5,0,187,-22.81483389624212,0.08663674710717624,-22.863359276212815,0.06520751433677967,0.0994404234767503,7.277514908635501e-07,1.1197254537194523,1.096026188349077,9.458238296911063e-07,3.139311451027513e-08,-9.144307151808312e-07,1.0066359558019682,0.8060664302529033,0.7247044551415915,0.732243135973488,0.018683057887447063,0.01287808441622218,-0.002997117210372255,1.1247156090092099,0.9560569826712435
5,0,188,-22.793462567542626,0.06784112184132673,-22.825888539139427,0.06186410243237413,0.05523913247037455,6.148832816284583e-07,1.0779866916197764,1.0189466256167523,5.582491039358189e-07,1.8480479898617775e-07,-3.734443049496411e-07,1.0339451647727278,0.9313497913912969,0.7701695285068529,0.796717343181284,0.10181535980508727,-0.23185205961997113,-0.09734955216640469,0.6014616893351834,0.3885602811481007
5,1,189,-22.772210146344648,0.10013546216466424,-22.70146707071228,0.13173927898678897,0.16163332485508394,3.7146228513876353e-07,1.0659087539637482,0.9163760546908087,-7.065382589338991e-08,-1.598768889775895e-08,5.4666136995630966e-08,0.9974390450412881,1.008686233305778,1.1508095159042755,1.2076266623616432,0.005796824546692392,-0.08094221763742127,-0.051292133745576896,0.7517572461274288,0.719763219592507
5,1,190,-22.86309701977173,0.07517240680046962,-22.89238629860358,0.06422360729699444,0.0558772931053756,6.267385582708902e-07,1.1175836028324722,1.0186354450581712,2.737247023004871e-07,2.78775894146877e-07,5.0511918463898786e-09,1.067640012596579,1.0012017497239334,0.7966991315759523,0.8854258411519101,0.08059896180426307,-0.09515780665826767,-0.05496513208814681,0.8300975111812424,0.5388395545956833
5,0,191,-22.792017112692374,0.08235226752028561,-22.775433351952024,0.09723941559540124,0.12622648813573595,-6.771611877527107e-08,0.9916735737192107,0.9751094085945633,-3.174298790442314e-07,3.1424146618591924e-08,3.4885402566282334e-07,1.0058599375559643,1.0652428568177599,1.0084513833710618,0.997753730689542,-0.03156749157654559,-0.00814303645297798,-0.00012072043620747763,0.8251812237108049,0.9987600619616607
5,1,192,-22.866437881573255,0.0654063845504569,-22.846366985671413,0.08236418094858022,0.11336193344940336,3.895746312417572e-07,1.0429111388367522,0.8933210487920197,7.147791986177823e-08,-3.814839816981583e-08,-1.0962631803159406e-07,0.9933184790663101,0.9808321726925713,1.0188858835423404,1.0775516492968489,-0.01827804151294643,-0.09938940631534621,-0.023581127603690258,0.580299912747216,0.7774216904583543
5,0,193,-22.63392939943703,0.10049866474295757,-22.784479924647897,0.06232732642762436,0.08696065590394575,9.304972546861537e-07,1.0833293051223905,1.0608976524479778,1.4847018944069399e-08,1.971452993033931e-07,1.822982803593237e-07,1.035549629989456,1.0328710274966584,0.8170145669609638,0.8612704002337676,0.03448887113638932,-0.0018136723412354172,-0.010138316753986874,1.0333801414435115,0.8600948477806509
5,1,194,-22.803610560878514,0.08680502970277099,-22.776416123355766,0.10380705959595425,0.14652738769666754,8.396713606511346e-07,1.1264892366015569,1.076088369790871,-4.135706178697336e-08,-1.8733805344960992e-08,2.262325644201237e-08,0.9962972811857395,1.0044280634666622,1.0808394652370883,0.9580777215206654,0.002692882289263565,-0.029375519122716298,-0.025468960329051313,0.748656736089478,0.8029877434026441
5,1,195,-22.875919786941203,0.08720682788078006,-22.891716703658776,0.07514000494706727,0.11095371293649796,7.096938585380935e-07,1.1628403423443257,1.1481247769745662,-6.436444113964999e-07,1.362923447174632e-07,7.799367561139631e-07,1.034258047566202,1.1961614269895096,1.124365256900213,1.1314719407217857,0.0011341595245788483,0.000970972897519573,-0.010387715404153591,0.9744202641879516,0.8785456288399732
5,0,196,-22.576620551859143,0.20650842929066332,-22.63694877437769,0.18479795324124595,0.15733201878214315,3.362169992105849e-07,1.071490054330769,1.0760005580315182,-3.6803654482432454e-07,1.9144282046645542e-08,3.871808268709701e-07,1.0050665462984805,1.1029790950266507,0.9221093944538824,0.9940513811274223,-0.06446450913320945,0.12901486973390774,0.0467926304093807,1.1586305250744946,1.3390639528627655
5,1,197,-22.86350214616912,0.0499332255529454,-22.85506615404188,0.0654174888711558,0.06416362428771262,5.28895689792601e-07,1.0635671783130793,0.8931589167469779,1.2018035299744086e-06,6.417594336410795e-08,-1.1376275866103006e-06,1.0111443052670304,0.8021225616007213,0.7223154463590086,0.7540571330662881,-0.0199376279622534,0.014678666145886865,0.0159892192362106,0.9109053299140843,1.3234832864259947
5,0,198,-22.64936084165469,0.21442634486381326,-22.76210513370178,0.16892261002497183,0.1439248293779492,6.818185942211009e-07,1.1824969229555782,1.1008524693264854,2.4927352087034157e-07,1.7154083525372784e-07,-7.773268561661372e-08,1.036576868453773,0.983394411844824,1.3815568743730056,1.2151970729316572,0.08447725039430765,0.05064264351577208,0.028256946982184172,1.507215991392218,1.2008802023952423
5,0,199,-22.69751999299482,0.14041045541317357,-22.819601753662962,0.08899878715535603,0.07379830296135989,5.778536245950198e-07,1.0843901517236223,1.0449304986714425,4.1785376554089634e-07,3.6619849327754593e-07,-5.165527226335041e-08,1.0636551078109306,0.9910010898809953,0.93701977692943,0.9743828108954286,0.09025097893266221,-0.10547832558141579,-0.0545407742246484,0.8826005099500335,0.6200296715254622
5,1,200,-22.644554938696693,0.22484469741995713,-22.741438521580644,0.16778885154118936,0.1789300422858528,4.93008452484385e-07,1.0981491784204624,1.0435713068324952,-1.9304633600271394e-07,2.789860043506105e-07,4.7203234035332443e-07,1.0639983744856714,1.1082983806238653,0.8530582711072793,1.1201954714190692,0.03585339662344822,0.0016533107943850212,-0.0015584779560247897,1.086086733995341,0.9907971500954188
5,0,201,-22.82748124045612,0.08434295987205932,-22.814031710074907,0.09993819156757634,0.15331103976257307,1.3184236030465708e-06,1.1501121525886913,1.1723317362602674,6.107260720636525e-07,3.4222103990252765e-07,-2.685050321611248e-07,1.072477603439921,0.9430966040308781,0.728996329063434,0.7054588982007542,-0.022819868062359916,0.041095372829563104,0.019943001509233865,0.976452298979619,1.249302506435183
5,1,202,-22.86259300259294,0.0711909457545732,-22.80036003023544,0.10367882782412328,0.1761830146513452,-1.0546223787445162e-07,0.987140628103833,0.8387259345501915,-5.0668158721560373e-08,-5.507894336487213e-07,-5.00121274927161e-07,0.8979592757421981,0.9073444904458334,0.9618786366682524,0.9294557384508981,-0.05612229521326384,0.0021515985942599514,0.01481804687443379,0.7674008845658229,1.1667557565822857
5,1,203,-22.695170214593748,0.17103451639809028,-22.745016422201587,0.11342604597063519,0.09701638467634978,-1.142838419194306e-07,0.9802797815414411,1.2063593893613627,-9.687462260167843e-07,-6.539031537447314e-07,3.148430722720529e-07,0.903002292081929,1.046680748278772,0.7544521524537997,0.8623445602215807,0.032142508925382174,0.03053739460452576,-0.01661425057720911,1.3597033117697435,0.8722376747401511
5,0,204,-22.673014284055107,0.13329050354394498,-22.787855436611483,0.10488780838548446,0.13195761431808997,6.456172991112184e-07,1.1025368438499175,1.1083059189250068,6.877727885629868e-07,-4.0445847523765154e-07,-1.0922312638006383e-06,0.9413328642650621,0.8415953429642942,0.8924451606749416,0.9036697951392759,0.049482083923155784,0.008839309355888503,0.023704187724077078,1.2689059396262226,1.2919823900653793
5,1,205,-22.768313389730633,0.14228956734288895,-22.79020248391056,0.14386177761070018,0.12422348914166763,-5.81912062864532e-08,0.9876066337709333,0.888315075303264,3.720716741432008e-07,2.0682721959946642e-08,-3.513889521832542e-07,1.0045347086787673,0.9225612625454527,0.8439855517932787,0.9113482502257332,0.05103864833862204,0.05746141135072236,0.0372461480621568,1.4806855038895235,1.349349791254229
5,0,206,-22.90105805036898,0.07214837210959883,-22.91128075396897,0.06543730126184859,0.10834518598691988,7.138375946350685e-07,1.1707874632740258,1.2847774244303856,2.2398710632200754e-07,4.4486066034965243e-07,2.208735540276449e-07,1.113170806867143,1.0561765539798262,1.1601306060440302,1.3402592382410385,0.01806893578030966,-0.0032183361879205563,-0.013730933535047188,1.0732561917050243,0.8265600634783689
5,0,207,-22.50755706283082,0.29172591768295425,-22.625652639415684,0.2433141038165941,0.26246352581784044,9.105559140921726e-07,1.144357042173411,0.9653882347673423,3.1949418275982195e-07,3.256392248444231e-07,6.145042084601174e-09,1.0713156754325235,1.0013242836081808,0.8152971452654896,0.8404603419256743,0.009596583053614438,0.10700600338213206,0.0641159377130108,1.3193208618989605,1.357793491816038
5,1,208,-22.684647583216783,0.11083273830676424,-22.608213039319015,0.1414367899383125,0.15950255952467676,9.992565470106454e-07,1.1214591662130657,1.019442333503934,2.780493643235137e-07,1.0316198324193799e-07,-1.748873810815757e-07,1.0174924474079081,0.9702998383658943,0.9825623843469058,1.0357378955647358,0.010230993906116481,0.005314564953113887,-0.00020845953091033764,0.9363411615726058,0.9985282977611722
5,0,209,-22.383717737603064,0.26956772707287835,-22.638897304365507,0.14999064606548754,0.15031454278409992,-3.281528241628612e-07,0.9490843821066912,0.8265251428872554,-8.292868689775633e-07,-3.172770149109841e-07,5.120098540665792e-07,0.95727090290622,1.0689194391213508,1.114028956604843,1.1533429752317896,0.24293752334981988,-0.22653914591433733,-0.11996975137579494,0.9886910876544002,0.5556024047658727
5,0,210,-22.62609619159419,0.25750294294020376,-22.693565321937147,0.2174978126451652,0.23311573502230915,3.629223209218192e-07,1.0623472450514855,0.9884247726860806,-2.6284212693834307e-08,4.793377171657353e-07,5.056219298595696e-07,1.1342355695018433,1.141597836980979,1.0225675791777242,1.0064140972056472,0.06587570191522119,0.04145620669991956,0.021861058470558387,1.303602098653839,1.1117431049784896
5,1,211,-22.927357322540534,0.051690306754248724,-22.92431724304852,0.058230000932041406,0.06981952699901676,7.192602529404821e-07,1.1688570224156667,1.1030867557557489,-6.593488377018936e-08,3.586321403342396e-07,4.2456702410442895e-07,1.090365597087197,1.1069840378641205,1.0786939928377863,1.1634923541285798,0.019855566335841957,-0.02445741934564083,-0.012914951456725013,0.9286121705817688,0.8184698828948653
5,1,212,-22.672581457102893,0.18271591957711647,-22.77690970288018,0.1291639659800513,0.08044157292692773,7.805442645871946e-07,1.156296068492345,1.3277922180751873,6.765529797742248e-07,9.570932711600566e-08,-5.808436526582191e-07,1.0176737505648397,0.8926103391894973,0.696682808509571,0.6996769097960911,0.22873652170009606,-0.15700266201729818,-0.06863312949664113,1.1385705251732847,0.6530124499728571
5,0,213,-22.49586650283282,0.20124135181964573,-22.675611950250758,0.1450409605997006,0.16154852546080375,2.3284121395250805e-07,1.0333803962833181,1.0265612362285854,4.530667289010283e-07,4.725308322352195e-07,1.9464103334191236e-08,1.084000089941988,1.0034430149573899,0.9649848789993918,0.960130458374664,0.0331720085210776,-0.013367140475907036,-0.016247710605208104,0.9559000912524409,0.8992631622930752
5,1,214,-22.599137112604765,0.17540088979851196,-22.662888740882277,0.16732759832712332,0.18344516019506993,9.510119982664406e-07,1.1580297262717643,1.0413087391540776,6.327602499876805e-07,1.789915711351614e-07,-4.5376867885251906e-07,1.031440566589626,0.9202316334422114,0.8287144816175375,0.840748372639315,0.0667599908013834,-0.06397306883168596,-0.01488093900112622,0.9530939913969712,0.9183301764496843
5,0,215,-22.642729830600736,0.16740880317392018,-22.71439860116004,0.11471357498164285,0.0767489961814945,1.5103619544368876e-06,1.2984706371845562,1.3081588500440948,-1.7622882480185439e-07,-4.0556336619805353e-07,-2.2933454139619914e-07,0.934757774000894,0.963100389512461,1.0178958319955425,1.00097853226816,-0.06513802616793285,0.10733206974008525,0.01673038787005554,0.9599348813643874,1.1707475358392612
5,0,216,-22.897366198060535,0.06520225457350234,-22.906412736105764,0.0558583045990209,0.06284913104931401,3.512136957305485e-07,1.0522246412653402,1.01432611093906,1.2783319820303317e-07,-7.22858889972142e-08,-2.0011908720024737e-07,0.9839469206648412,0.9555972450464436,0.8069078337749289,0.8676647388306618,0.059339716464535286,-0.09148173475966814,-0.050347172233695725,0.8114073251662132,0.5259456123379428
5,1,217,-22.850751577748355,0.0947352938151538,-22.81882004145371,0.1302635212391944,0.14130396181519847,5.889471617246908e-07,1.0942686860124529,0.962605126695876,2.1932814180334137e-07,-3.1399389729883584e-07,-5.333220391021772e-07,0.9411523605136898,0.9000597333437789,0.7382480285475611,0.7981738108765178,-0.03986135098511667,-0.0303175196247345,0.0020939536838267547,0.6899593661233216,1.0163373694874054
5,1,218,-22.8107822567571,0.07374011878661574,-22.86039567231479,0.06654146586721454,0.07595893518309134,1.210338880416136e-06,1.1987441095259388,1.0137339344124507,8.396904016077614e-07,8.119153012115e-08,-7.584988714866114e-07,1.0207481141772172,0.8059045626984989,1.0633736752305454,0.9884503798573314,0.08477787556994087,-0.11303743916294806,-0.05471830698004422,0.7214549684178229,0.5487513645284192
5,0,219,-22.752989570564484,0.11169429482474807,-22.80061675324065,0.08822519469422899,0.10915737424656999,1.2879054007490432e-06,1.1511435116454365,1.1628015339595494,-7.112482535849217e-07,2.247940239539759e-07,9.360422775388976e-07,1.0479844587069922,1.1998748465953526,1.699933641156595,1.6169167748306934,0.03458125019917091,-0.049431950360485644,-0.04004892786663067,0.7876130329735361,0.6877863817278649
5,1,220,-22.81802743639817,0.06735440409592698,-22.823277078623153,0.06638649205337604,0.07819813141486494,4.5907648950719414e-07,1.0532813509356636,0.9723934541300326,1.5783584379389867e-07,-2.471379739643624e-07,-4.0497381775826107e-07,0.9602608438448226,0.9348915078045829,1.0085202343649746,1.005995353870295,-0.01983823902294546,0.019292671700064545,0.018554469621087775,1.0942270267013217,1.3879089475792679
5,0,221,-22.84510157547573,0.08670335257573555,-22.900677932517496,0.058829195706309345,0.07717023647852167,4.4163563995135896e-07,1.0497280554375372,0.9650429426681268,5.963125690515012e-07,-9.762751192608492e-08,-6.939400809775861e-07,0.9791519663885008,0.8519416830452811,0.7861287866605918,0.6679399195166202,0.08977072413181375,-0.09961902398487155,-0.054571065931665205,0.8809221196070053,0.5187747788646339
5,0,222,-22.569225884515085,0.20920645094299675,-22.646948411934737,0.19832792774620045,0.16879444143018707,7.811207807153748e-07,1.1298201860185606,0.9430915940566105,-3.6529522847701483e-07,4.1987830385124245e-07,7.851735323282573e-07,1.101067775276318,1.1890179521256423,1.5734690076870648,1.4614816314383425,-0.01099538995199012,0.08228716359842991,0.0462908511942027,1.1822973120472147,1.3044708048429476
5,1,223,-22.682468275524364,0.15430971305213556,-22.701630017889464,0.1591405900271711,0.1633297812050782,4.973928379979317e-07,1.068880998333905,0.9975850279863726,-6.647755624807031e-07,-4.4650970951904426e-07,2.1826585296165884e-07,0.9232625517231449,1.037485729711184,1.0300285380486558,0.9248843162555016,-0.0054754344647029995,0.045018245262525625,0.018664155157573442,1.154243596170744,1.1328632454376621
5,0,224,-22.143689717907403,0.39171840020621734,-22.485711362726924,0.2507478365009994,0.17779606529015615,9.193944043710052e-07,1.15062437079815,0.9388214797963692,8.634570594584232e-08,7.863969229975095e-07,7.000512170516671e-07,1.1349303954431036,1.120113269867091,1.067003095561825,1.1138413854080884,0.09015341901432095,0.13497176466557903,0.029624063234617942,1.3055438665582284,1.1339705029614053
